dutyAddr,dutyEmcls,dutyEmclsName,dutyName,dutyTel1,dutyTel3,hpid,phpid,rnum,wgs84Lat,wgs84Lon
울산광역시 남구 남산로354번길 26 (신정동),G009,응급실운영신고기관,(의)내경의료재단울산제일병원,052-220-3300,052-220-3334,A1700023,A1700023,1,35.5482382,129.3070114
부산광역시 기장군 기장읍 대청로72번길 6,G007,지역응급의료기관,(의)서일의료재단기장병원,051-723-0171,051-723-2119,A1200028,A1200028,2,35.23602946,129.2164916
"인천광역시 서구 칠천왕로33번길 17 (석남동, 신석로 70(석남1동, 성민병원))",G007,지역응급의료기관,(의)성세의료재단 뉴성민병원,032-726-1000,032-726-1190,A1400008,A1400008,3,37.50899368,126.6694786
"경기도 용인시 처인구 백옥대로1082번길 18, 다보스종합병원 (김량장동)",G006,지역응급의료센터,(의)영문의료재단다보스병원,031-8021-2114,031-8021-2130,A2100019,A2100019,4,37.23464129,127.2104987
경기도 용인시 처인구 고림로 81 (고림동),G007,지역응급의료기관,(의)효심의료재단용인서울병원,031-337-0114,031-336-0119,A2100122,A2100122,5,37.24031637,127.2144914
"대구광역시 수성구 달구벌대로 3190 (신매동, 천주성삼병원)",G007,지역응급의료기관,(재)미리내천주성삼성직수도회천주성삼병원,053-790-1000,053-790-0555,A1300081,A1300081,6,35.84022545,128.7057334
광주광역시 광산구 왕버들로 220 (수완동),G006,지역응급의료센터,KS병원,062-975-9000,062-975-9119,A1500019,A1500019,7,35.19796318,126.8332248
"대구광역시 중구 동덕로 194 (동인동1가, 동화빌딩)",G009,응급실운영신고기관,MS재건병원,053-653-0119,053-653-0119,A1300063,A1300063,8,35.87187973,128.6048935
"인천광역시 서구 심곡로100번길 25 (심곡동, 인천국제성모병원)",G006,지역응급의료센터,가톨릭관동대학교국제성모병원,1600-8291,032-290-3065,A1400015,A1400015,9,37.54237265,126.6836049
인천광역시 부평구 동수로 56 (부평동),G006,지역응급의료센터,가톨릭대학교 인천성모병원,032-280-6364,032-280-6107,A1400012,A1400012,10,37.48455865,126.7247081
"경기도 부천시 원미구 소사로 327, 가톨릭대학교 부천성모병원 (소사동)",G006,지역응급의료센터,가톨릭대학교부천성모병원,032-1577-0675,032-340-2100,A2100052,A2100052,11,37.48744774,126.7924346
경기도 수원시 팔달구 중부대로 93 (지동),G006,지역응급의료센터,가톨릭대학교성빈센트병원,031-1577-8588,031-249-7370,A2100012,A2100012,12,37.27792235,127.0274495
"서울특별시 영등포구 63로 10, 여의도성모병원 (여의도동)",G006,지역응급의료센터,가톨릭대학교여의도성모병원,02-1661-7575,02-3779-1199,A1100011,A1100011,13,37.51827234,126.9367313
서울특별시 은평구 통일로 1021 (진관동),G006,지역응급의료센터,가톨릭대학교은평성모병원,02-1811-7755,02-1811-7755,A1121013,A1121013,14,37.63360841,126.9161505
"경기도 의정부시 천보로 271, 의정부성모병원 (금오동)",G001,권역응급의료센터,가톨릭대학교의정부성모병원,1661-7500,031-820-5200,A2100040,A2100040,15,37.75865548,127.0776729
서울특별시 관악구 관악로 242 (봉천동),G009,응급실운영신고기관,강남고려병원,1661-8267,02-874-7227,A1100047,A1100047,16,37.48561884,126.9567817
"서울특별시 강남구 남부순환로 2649, 베드로병원 (도곡동)",G009,응급실운영신고기관,강남베드로병원,1544-7522,1544-7522,A1100141,A1100141,17,37.48561218,127.0395873
"경기도 용인시 기흥구 중부대로 411, 강남병원 (신갈동)",G006,지역응급의료센터,강남병원,031-300-0114,031-300-0119,A2100029,A2100029,18,37.27377984,127.1114072
"대구광역시 동구 동촌로 207, 강남병원 (방촌동)",G007,지역응급의료기관,강남종합병원,053-980-9000,053-980-9018,A1300018,A1300018,19,35.88300855,128.663456
"서울특별시 관악구 남부순환로 1449, 강남힐병원 (신림동)",G009,응급실운영신고기관,강남힐병원,02-853-4600,02-853-9100,A1100076,A1100076,20,37.48165134,126.9116481
서울특별시 강동구 동남로 892 (상일동),G001,권역응급의료센터,강동경희대학교의대병원,02-440-7114,02-440-7000,A1100043,A1100043,21,37.55204593,127.1570848
강원특별자치도 강릉시 사천면 방동길 38,G001,권역응급의료센터,강릉아산병원,033-610-3114,033-610-3333,A2200008,A2200008,22,37.81842669,128.8577141
경상남도 고성군 고성읍 중앙로 49,G007,지역응급의료기관,강병원,055-673-0101,055-673-4848,A2800032,A2800032,23,34.97415925,128.3252894
서울특별시 종로구 새문안로 29 (평동),G006,지역응급의료센터,강북삼성병원,02-2001-2001,02-2001-1000,A1100006,A1100006,24,37.56849763,126.9679381
"서울특별시 강북구 도봉로 187, 지하1층, 지상1층~지상5층 (미아동)",G009,응급실운영신고기관,강북으뜸병원,02-986-0334,02-986-0334,A1121842,A1121842,25,37.62542056,127.0261845
"서울특별시 강서구 가로공원로 187, 강서케이병원 (화곡동)",G009,응급실운영신고기관,강서케이병원,02-1833-7530,02-6905-8585,A1117285,A1117285,26,37.53735762,126.836699
강원특별자치도 춘천시 백령로 156 (효자동),G006,지역응급의료센터,강원대학교병원,033-258-2000,033-258-2245,A2200009,A2200009,27,37.87497158,127.7444857
"강원특별자치도 강릉시 경강로 2007-0 (남문동,강릉의료원)",G007,지역응급의료기관,강원특별자치도강릉의료원,033-610-1200,033-610-1234,A2200011,A2200011,28,37.74931042,128.8887963
강원특별자치도 삼척시 오십천로 418 (남양동),G006,지역응급의료센터,강원특별자치도삼척의료원,033-572-1141,033-570-7431,A2200007,A2200007,29,37.44027923,129.1637001
강원특별자치도 속초시 영랑호반길 3 (영랑동),G006,지역응급의료센터,강원특별자치도속초의료원,033-630-6000,033-630-6036,A2200012,A2200012,30,38.21622785,128.5891195
강원특별자치도 영월군 영월읍 중앙1로 59-  ( ),G007,지역응급의료기관,강원특별자치도영월의료원,033-370-9101,033-370-9129,A2200002,A2200002,31,37.1865884,128.4653053
"강원특별자치도 원주시 서원대로 387 (개운동, (개운동))",G007,지역응급의료기관,강원특별자치도원주의료원,033-760-4500,033-760-4701,A2200015,A2200015,32,37.33249603,127.948962
경상남도 김해시 가락로 359 (구산동),G007,지역응급의료기관,강일병원,055-822-0100,055-822-0119,A2803677,A2803677,33,35.25670435,128.8696111
경상남도 거창군 거창읍 중앙로 91,G007,지역응급의료기관,거창적십자병원,0559443251,055-949-3359,A2800076,A2800076,34,35.68680191,127.90877080146283
서울특별시 광진구 능동로 120-1 (화양동),G006,지역응급의료센터,건국대학교병원,1588-1533,02-2030-5555,A1100002,A1100002,35,37.54084479,127.0721229
충청북도 충주시 국원대로 82 (교현동),G006,지역응급의료센터,건국대학교충주병원,043-840-8593,043-840-8330,A2300010,A2300010,36,36.9789751,127.9286366
인천광역시 서구 청마로19번길 5 (당하동),G006,지역응급의료센터,검단탑병원,032-590-0114,032-590-0077,A1400010,A1400010,37,37.59241914,126.6710401
경기도 수원시 장안구 수성로245번길 69 (정자동),G007,지역응급의료기관,경기도의료원수원병원,031-888-0114,031-888-0119,A2100032,A2100032,38,37.29188165,126.9963878
"경기도 안성시 남파로 95, 경기도의료원 안성병원 (당왕동)",G007,지역응급의료기관,경기도의료원안성병원,031-8046-5000,031-8046-5119,A2100045,A2100045,39,37.01736703,127.2603394
경기도 의정부시 흥선로 142 (의정부동),G007,지역응급의료기관,경기도의료원의정부병원,0318285000,031-828-5119,A2100043,A2100043,40,37.7410883,127.0425549
경기도 이천시 경충대로 2742 (관고동),G006,지역응급의료센터,경기도의료원이천병원,031-630-4200,031-630-4333,A2100193,A2100193,41,37.28269444,127.4326639
"경기도 파주시 중앙로 207, 경기도립의료원파주병원 (금촌동)",G006,지역응급의료센터,경기도의료원파주병원,031-940-9100,031-940-9119,A2100035,A2100035,42,37.75488021,126.7796379
경기도 포천시 포천로 1648 (신읍동),G006,지역응급의료센터,경기도의료원포천병원,031-539-9114,031-539-9119,A2100031,A2100031,43,37.90326402,127.1983186
"대구광역시 중구 동덕로 130 (삼덕동2가, 경북대학교병원)",G001,권역응급의료센터,경북대학교병원,053-200-5114,053-200-5100,A1300002,A1300002,44,35.866235497221617,128.60431466100362
경상남도 진주시 강남로 79 (칠암동),G001,권역응급의료센터,경상국립대학교병원,055-750-8000,055-750-8282,A2800001,A2800001,45,35.17634017,128.0956481
경상남도 창원시 마산합포구 3·15대로 231 (중앙동3가),G007,지역응급의료기관,경상남도마산의료원,055-249-1000,055-249-1119,A2800025,A2800025,46,35.1990682,128.5655198
경상북도 김천시 모암길 24 (모암동),G007,지역응급의료기관,경상북도김천의료원,054-432-8901,054-429-8234,A2700018,A2700018,47,36.12249076,128.1264933
"경상북도 안동시 태사2길 55 (북문동, 470)",G007,지역응급의료기관,경상북도안동의료원,054-850-6000,054-850-6100,A2700001,A2700001,48,36.56826733,128.7321334
"경상북도 포항시 북구 용흥로 36 (용흥동, (용흥동))",G007,지역응급의료기관,경상북도포항의료원,054-247-0551,054-245-0129,A2700005,A2700005,49,36.03462413,129.354993
"서울특별시 송파구 송이로 123, 국립경찰병원 (가락동)",G007,지역응급의료기관,경찰병원,02-3400-1114,02-3400-1300,A1100039,A1100039,50,37.49641321,127.12348793503201
서울특별시 동대문구 경희대로 23 (회기동),G006,지역응급의료센터,경희대학교병원,02-958-8114,02-958-8114,A1100001,A1100001,51,37.59387655,127.0518322
경상북도 경주시 봉황로 65 (서부동),G007,지역응급의료기관,계명대학교경주동산병원,054-770-9500,054-770-9420,A2700097,A2700097,52,35.84545696,129.2096403
"대구광역시 중구 달성로 56, 계명대학교대구동산병원 (동산동)",G007,지역응급의료기관,계명대학교대구동산병원,053-250-8114,053-250-8481,A1303386,A1303386,53,35.86945965,128.5829311
대구광역시 달서구 달구벌대로 1035 (신당동),G006,지역응급의료센터,계명대학교동산병원,053-1577-6622,053-258-6301,A1300003,A1300003,54,35.85388729,128.4801297
"서울특별시 구로구 구로동로 148, 고려대부속구로병원 (구로동)",G001,권역응급의료센터,고려대학교의과대학부속구로병원,02-2626-1114,02-2626-1550,A1100014,A1100014,55,37.49211115,126.8847449
경기도 안산시 단원구 적금로 123 (고잔동),G001,권역응급의료센터,고려대학교의과대학부속안산병원,031-1577-7516,031-412-5381,A2100003,A2100003,56,37.31885818,126.8250018
부산광역시 서구 감천로 262 (암남동),G006,지역응급의료센터,고신대학교복음병원,051-990-6114,051-990-6200,A1200004,A1200004,57,35.08029169,129.0157202
전라남도 곡성군 곡성읍 곡성로 761,G007,지역응급의료기관,곡성사랑병원,061-360-6000,061-360-6008,A2600029,A2600029,58,35.27628371,127.287976
대구광역시 중구 국채보상로 531 (수동),G007,지역응급의료기관,곽병원,053-252-2401,053-605-3333,A1300008,A1300008,59,35.87069315,128.5887281
"경기도 광명시 디지털로 36, 광명성애병원 (철산동)",G006,지역응급의료센터,광명성애병원,02-2680-7114,02-2680-7115,A2100007,A2100007,60,37.47346147,126.8719226
"전라남도 광양시 공영로 71 (중동, (중동))",G007,지역응급의료기관,광양사랑병원,061797-7000,061-797-7119,A2600006,A2600006,61,34.93614549,127.6969511
광주광역시 남구 양림로 37 (양림동),G006,지역응급의료센터,광주기독병원,062-650-5000,062-650-5119,A1500021,A1500021,62,35.13668286,126.9119844
광주광역시 북구 면앙로139번길 51 (두암동),G007,지역응급의료기관,광주병원,062-260-7000,062-260-7119,A1500015,A1500015,63,35.17894921,126.9281507
광주광역시 광산구 첨단월봉로 99 (산월동),G007,지역응급의료기관,광주보훈병원,062-602-6021,062-602-6119,A1500004,A1500004,64,35.20779721,126.8494786
"광주광역시 광산구 수완로 6, A동1,3,5,6층/B동동 (신가동)",G007,지역응급의료기관,광주센트럴병원,062-950-9700,062-960-5119,A1502007,A1502007,65,35.18589374,126.8290995
광주광역시 광산구 임방울대로 370 (수완동),G007,지역응급의료기관,광주수완병원,062-958-1111,062-958-1119,A1500018,A1500018,66,35.19303617,126.8242093
광주광역시 남구 서문대로654번길 5 (진월동),G007,지역응급의료기관,광주씨티병원,062-460-7000,062-460-7119,A1500009,A1500009,67,35.11776254,126.8995475
광주광역시 광산구 송도로 271 (송정동),G009,응급실운영신고기관,광주열린병원,062-610-9000,062-610-9119,A1500043,A1500043,68,35.13768234,126.7988947
광주광역시 북구 양일로 309 (일곡동),G007,지역응급의료기관,광주일곡병원,062-608-7013,062-608-7119,A1500005,A1500005,69,35.2028612,126.8976086
광주광역시 서구 월드컵4강로 223 (쌍촌동),G007,지역응급의료기관,광주한국병원,062-380-3000,062-380-3119,A1500016,A1500016,70,35.15618109,126.8688088
광주광역시 북구 설죽로 291 (용봉동),G007,지역응급의료기관,광주현대병원,062-570-0336,062-570-0119,A1500003,A1500003,71,35.18565646,126.8979815
광주광역시 북구 하서로 429 (용두동),G007,지역응급의료기관,광주희망병원,062-608-6000,062-608-6119,A1500007,A1500007,72,35.21344678,126.8747157
전라남도 구례군 구례읍 동편제길 4,G007,지역응급의료기관,구례병원,061780-3300,061-780-3200,A2600061,A2600061,73,35.21590095,127.4640601
"서울특별시 구로구 경인로 427, 구로성심병원 (고척동)",G007,지역응급의료기관,구로성심병원,02-2067-1500,02-2067-1515,A1100026,A1100026,74,37.49964579,126.8663604
경상북도 구미시 인동20길 46 (진평동),G007,지역응급의료기관,구미강동병원,054-453-7575,054-478-9521,A2700015,A2700015,75,36.096198858616574,128.4229779
부산광역시 북구 낙동대로 1786 (구포동),G007,지역응급의료기관,구포성심병원,051-330-2001,051-330-2090,A1200045,A1200045,76,35.20971003,129.004751
경기도 성남시 분당구 새마을로177번길 81 (율동),G007,지역응급의료기관,국군수도병원,031-725-6075,031-725-6119,A2100258,A2100258,77,37.39186667,127.1485861
경기도 고양시 일산동구 일산로 323 (마두동),G007,지역응급의료기관,국립암센터,031-920-0114,031-920-0119,A2100049,A2100049,78,37.66417078,126.7832795
"서울특별시 중구 을지로 245, 국립중앙의료원 (을지로6가)",G006,지역응급의료센터,국립중앙의료원,02-2260-7114,02-2276-2114,A1100052,A1100052,79,37.56733956,127.00579539705472
"경기도 고양시 일산동구 일산로 100 (백석동,백석1동 1241외1필지 4층)",G001,권역응급의료센터,국민건강보험공단일산병원,1577-0013,031-900-0761,A2100033,A2100033,80,37.64530592,126.792204
"인천광역시 남동구 석정로 518, 1층일부, 2층일부 ~ 9층 (간석동)",G009,응급실운영신고기관,국제바로병원,032-722-8585,032-722-8911,A1400045,A1400045,81,37.46550679,126.6932263
울산광역시 남구 삼산로 110 (달동),G009,응급실운영신고기관,굿모닝병원,052-259-9000,052-259-9119,A1700010,A1700010,82,35.53501072,129.3199589
경상남도 창원시 성산구 창원대로 721 (중앙동),G009,응급실운영신고기관,근로복지공단 창원병원,055-280-7619,055-280-0400,A2800012,A2800012,83,35.21861867,128.6715437
대전광역시 대덕구 계족로 637 (법동),G009,응급실운영신고기관,근로복지공단대전병원,042-670-5419,042-670-5119,A1600009,A1600009,84,36.36857687,127.4284999
"강원특별자치도 동해시 하평로 11-  (평릉동, (평릉동))",G007,지역응급의료기관,근로복지공단동해병원,033-530-3100,033-530-3119,A2200038,A2200038,85,37.53232312,129.105856
전라남도 순천시 조례1길 24 (조례동),G009,응급실운영신고기관,근로복지공단순천병원,061-720-7575,,A2600012,A2600012,86,34.96032502,127.5245259
"경기도 안산시 상록구 구룡로 87, 근로복지공단안산병원 (일동)",G007,지역응급의료기관,근로복지공단안산병원,031-500-1114,031-500-1119,A2100014,A2100014,87,37.31687107,126.8740285
인천광역시 부평구 무네미로 446 (구산동),G009,응급실운영신고기관,근로복지공단인천병원,032-500-0114,,A1400032,A1400032,88,37.47634975,126.7533159
강원특별자치도 정선군 정선읍 봉양1길 145,G007,지역응급의료기관,근로복지공단정선병원,033-560-7100,033-560-7150,A2200048,A2200048,89,37.38292381,128.6584205
강원특별자치도 태백시 보드미길 8 (장성동),G007,지역응급의료기관,근로복지공단태백병원,033-580-3114,033-580-3119,A2200004,A2200004,90,37.10404229,129.004287
"전라남도 완도군 금일읍 감목길 5, 금일마취통증의학과의원",G009,응급실운영신고기관,금일마취통증의학과의원,061-553-3577,,A2600667,A2600667,91,34.3494838,127.0297612
"서울특별시 서초구 서초중앙로 4, 기쁨병원 (서초동)",G009,응급실운영신고기관,기쁨병원,02-570-1234,02-570-1212,A1122033,A1122033,92,37.48271303,127.0180635
전북특별자치도 김제시 서암4길 45 (서암동),G007,지역응급의료기관,김제우석병원,063-540-5114,063-540-5119,A2500038,A2500038,93,35.80673936,126.87969956139741
"대구광역시 달서구 월배로 97, 나사렛병원 (진천동)",G007,지역응급의료기관,나사렛종합병원,053-643-1400,053-643-3119,A1300038,A1300038,94,35.81470026,128.5250948
"충청남도 천안시 동남구 만남로 64, 1층일부,4~9층 (신부동)",G009,응급실운영신고기관,나은필병원,041-417-0001,041-417-1191,A2402812,A2402812,95,36.81915027,127.1593264
전남 나주시 영산로 5419 영산로 5419  (성북동),G007,지역응급의료기관,나주종합병원,061-330-6114,061-330-6112,A2600016,A2600016,96,35.036402777777781,126.721436111111117
경기도 남양주시 오남읍 양지로 47-55,G006,지역응급의료센터,남양주한양병원,031-510-0114,031-510-0119,A2100041,A2100041,97,37.68238094,127.2043136
"서울특별시 노원구 한글비석로 68, 을지병원 (하계동)",G006,지역응급의료센터,노원을지대학교병원,02-970-8000,02-970-8282,A1100048,A1100048,98,37.63644293,127.0700028
서울특별시 중랑구 사가정로49길 53 (면목동),G007,지역응급의료기관,녹색병원,02-490-2000,02-490-2113,A1100044,A1100044,99,37.58362084,127.08605546969357
"경기도 부천시 원미구 부천로 91, ,부흥로373번길18, 부흥로377(기존디에스병원A동) (심곡동)",G009,응급실운영신고기관,뉴대성병원,032-610-1111,032-610-1100,A2100051,A2100051,100,37.4920164,126.7838184
"충청남도 천안시 동남구 망향로 201 (안서동, 단국대학교의과대학부속병원)",G001,권역응급의료센터,단국대학교의과대학부속병원,041-550-7114,041-550-6840,A2400002,A2400002,101,36.84295215,127.1732754
"충청북도 단양군 단양읍 삼봉로 53, 단양군보건의료원",G007,지역응급의료기관,단양군보건의료원,043-420-3203,043-420-0139,E2300011,E2300011,102,36.98454059,128.3666762
전라남도 담양군 담양읍 천변7길 19,G007,지역응급의료기관,담양사랑병원,061-380-9000,061-380-9119,A2600054,A2600054,103,35.31524596,126.98263077003997
충청남도 당진시 반촌로 5-15 (시곡동),G006,지역응급의료센터,당진종합병원,041-357-0100,041-358-3624,A2400008,A2400008,104,36.90439755,126.6843581
대구광역시 남구 두류공원로17길 33 (대명동),G006,지역응급의료센터,대구가톨릭대학교병원,053-650-3000,053-650-3000,A1300004,A1300004,105,35.84306559,128.5674262
대구광역시 북구 칠곡중앙대로 440 (읍내동),G007,지역응급의료기관,대구가톨릭대학교칠곡가톨릭병원,053-320-2500,053-320-2111,A1300005,A1300005,106,35.93487952,128.549252
대구광역시 남구 성당로 224 (대명동),G007,지역응급의료기관,대구굿모닝병원,053-620-9100,053-620-9119,A1300076,A1300076,107,35.85296709,128.5740667
대구광역시 서구 평리로 157 (중리동),G007,지역응급의료기관,대구의료원,053-560-7575,053-560-7288,A1300007,A1300007,108,35.85962343,128.5405609
대구광역시 동구 아양로 99 (신암동),G006,지역응급의료센터,대구파티마병원,053-1688-7770,053-940-7119,A1300009,A1300009,109,35.88393361,128.6238351
부산광역시 동래구 충렬대로 187 (명륜동),G006,지역응급의료센터,대동병원,051-554-1233,051-550-9391,A1200018,A1200018,110,35.20427317,129.0802155
"서울특별시 영등포구 시흥대로 657 (대림동, 대림성모병원)",G007,지역응급의료기관,대림성모병원,02-829-9000,02-829-9129,A1100037,A1100037,111,37.49068925,126.9071695
전라남도 무안군 무안읍 몽탄로 65,G007,지역응급의료기관,대송의료재단무안병원,061-450-3000,061-450-3119,A2600003,A2600003,112,34.99175918,126.4892607
경기도 안산시 단원구 선부광장로 103 (선부동),G006,지역응급의료센터,대아의료재단한도병원,031-8040-1114,031-8040-1129,A2100017,A2100017,113,37.33403345,126.8076558
"전북특별자치도 전주시 덕진구 견훤로 390 (우아동3가,(우아동3가))",G006,지역응급의료센터,대자인병원,063-240-2000,063-250-8701,A2500056,A2500056,114,35.84599246,127.1533163
대전광역시 대덕구 대청로82번길 147 (신탄진동),G007,지역응급의료기관,대전보훈병원,042-939-0111,042-939-0100,A1600004,A1600004,115,36.44693659,127.4394081
대전광역시 동구 동서대로 1672 (성남동),G007,지역응급의료기관,대전한국병원,042-606-1000,042-606-1119,A1600003,A1600003,116,36.34831776,127.4357505
대전광역시 동구 동대전로 39 (신안동),G009,응급실운영신고기관,대전화병원,042-620-7575,070-7609-3531,A1600014,A1600014,117,36.32899497,127.4391893
경기도 성남시 분당구 서현로180번길 20 (서현동),G006,지역응급의료센터,대진의료재단분당제생병원,031-779-0114,031-779-0119,A2100025,A2100025,118,37.38787138,127.1213282
"대전광역시 서구 계백로 1322 (정림동, 대청병원)",G007,지역응급의료기관,대청병원,1899-6075,042-589-0119,A1602246,A1602246,119,36.30828633,127.3705533
경상남도 고성군 고성읍 동외로 142,G009,응급실운영신고기관,더 조은병원,055-672-1111,055-804-8888,A2803447,A2803447,120,34.97372179,128.3262148
"서울특별시 강남구 선릉로 404, 더드림병원 (대치동)",G009,응급실운영신고기관,더드림병원,02-1661-1177,1661-1177,A1123234,A1123234,121,37.50099026,127.0509673
"대구광역시 달서구 달구벌대로 1632, 더블유병원 (감삼동)",G007,지역응급의료기관,더블유병원,053-550-5000,053-550-5019,A1300110,A1300110,122,35.85264247,128.5449687
대구광역시 서구 서대구로 194 (평리동),G009,응급실운영신고기관,더필병원,053-241-3000,053-241-4119,A1303923,A1303923,123,35.87530038,128.5552969
경상북도 경주시 동대로 87 (석장동),G006,지역응급의료센터,동국대학교의과대학경주병원,054-748-9300,054-770-8306,A2700003,A2700003,124,35.85839884,129.1966994
"경기도 고양시 일산동구 동국로 27 (식사동, 동국대학교일산병원)",G006,지역응급의료센터,동국대학교일산불교병원,031-1577-7000,031-961-7777,A2100047,A2100047,125,37.67643678,126.8055658
부산광역시 기장군 장안읍 좌동길 40,G007,지역응급의료기관,동남권원자력의학원원자력병원,051-720-5114,051-720-5911,A1200015,A1200015,126,35.32141899,129.2436492
경기도 동두천시 동광로 53 (생연동),G009,응급실운영신고기관,동두천중앙성모병원,031-863-0550,031-863-1339,A2100135,A2100135,127,37.90888404,127.05398051509534
부산광역시 동래구 안연로109번길 27 (안락동),G007,지역응급의료기관,동래봉생병원,051-520-5500,051-520-5700,A1200011,A1200011,128,35.19694648,129.0961666
부산광역시 서구 대신공원로 26 (동대신동3가),G001,권역응급의료센터,동아대학교병원,051-240-2400,051-240-5300,A1200003,A1200003,129,35.12000584,129.01760368790894
광주광역시 남구 대남대로 238 (백운동),G007,지역응급의료기관,동아병원,062-650-2500,062-650-2515,A1500013,A1500013,130,35.13476012,126.8999059
경기도 안산시 상록구 월피로 88 (월피동),G009,응급실운영신고기관,동안산병원,031-410-1116,031-413-1116,A2100162,A2100162,131,37.33569276,126.8526806
대구광역시 남구 대명로 153 (대명동),G007,지역응급의료기관,드림종합병원,053-640-8800,053-640-8575,A1300034,A1300034,132,35.83963451,128.5743546
"경기도 수원시 영통구 태장로 68, 매듭병원 (망포동)",G009,응급실운영신고기관,매듭병원,031-1800-9909,031-546-0030,A2119276,A2119276,133,37.23893169,127.0535438
경상남도 김해시 계동로 237 (대청동),G009,응급실운영신고기관,메가병원,055-903-9000,055-903-9079,A2800063,A2800063,134,35.1913623,128.8039481
경기도 파주시 금릉역로 190(금촌동),G007,지역응급의료기관,메디인병원,0319431191,031-570-7912,A2100131,A2100131,135,37.75804617,126.7748533
"서울특별시 영등포구 도림로 156, 명지성모병원 (대림동)",G007,지역응급의료기관,명지성모병원,02-1899-1475,02-829-7800,A1100024,A1100024,136,37.49385071,126.8992545
전라남도 목포시 백년대로 303 (상동),G007,지역응급의료기관,목포기독병원,061-280-7500,061-280-7119,A2600020,A2600020,137,34.80450726,126.4204246
"전라남도 목포시 이로로 18 (용해동, (용해동))",G007,지역응급의료기관,목포시의료원,061-260-6500,061-260-6400,A2600022,A2600022,138,34.80395501,126.4053871
전라남도 목포시 영산로 483 (상동),G001,권역응급의료센터,목포한국병원,061-270-5500,061-270-5666,A2600011,A2600011,139,34.80921458,126.4163392
"전북특별자치도 무주군 무주읍 한풍루로 413, 무주군보건의료원",G007,지역응급의료기관,무주군보건의료원,063-320-8314,063-320-8315,E2500019,E2500019,140,36.00586316,127.6717027
경기도 파주시 문산읍 방촌로 1675-20,G009,응급실운영신고기관,무척조은병원,031-954-1400,031-954-1400,A2100083,A2100083,141,37.86396622,126.7809779
"경기도 파주시 문산읍 문향로39번길 53, 문산중앙병원",G009,응급실운영신고기관,문산중앙병원,031-950-9000,031-950-9099,A2100130,A2100130,142,37.85424811,126.7832286
광주광역시 서구 화운로 1 (화정동),G007,지역응급의료기관,미래로21병원,062-450-1000,062-450-1119,A1500014,A1500014,143,35.14102639,126.8852886
서울특별시 강서구 강서로 295 (내발산동),G009,응급실운영신고기관,미즈메디병원,1588-2701,02-2007-1118,A1100046,A1100046,144,37.55225379,126.8360254
경기도 성남시 중원구 광명로 330 (금광동),G009,응급실운영신고기관,바른마디병원,031-735-9110,,A2106200,A2106200,145,37.44526964,127.1625665
"경기도 이천시 경충대로 2543, 바른병원 (진리동)",G009,응급실운영신고기관,바른병원,031-630-0300,031-630-0399,A2100180,A2100180,146,37.27373314,127.4503893
경상남도 진주시 남강로 701 (장대동),G007,지역응급의료기관,반도병원,0557476000,055-749-0200,A2800084,A2800084,147,35.19175352,128.0882823
경상남도 양산시 신기로 28 (신기동),G007,지역응급의료기관,베데스다복음병원,055-384-9901,055-781-9911,A2800019,A2800019,148,35.35322218,129.0435681
전라남도 보성군 미력면 가평길 36-17,G007,지역응급의료기관,보성아산병원,061-850-3410,061-850-3119,A2600052,A2600052,149,34.77547052,127.1042841
"경상남도 양산시 물금읍 청운로 343, 양산바른빌딩 1층일부, 4층~10층",G009,응급실운영신고기관,본바른병원,055-785-3117,055-785-3117,A2803867,A2803867,150,35.32699482,129.0152649
경상북도 봉화군 봉화읍 보밑길 3,G009,응급실운영신고기관,봉화해성병원,054-673-1331,054-679-1331,A2700071,A2700071,151,36.891707,128.7335008
"서울특별시 강서구 공항대로 389, 부민병원 (등촌동)",G007,지역응급의료기관,부민병원,1577-7582,02-2620-0119,A1100036,A1100036,152,37.55694089,126.8509495
"부산광역시 연제구 월드컵대로 359 (거제동, 1동, 5동일부)",G007,지역응급의료기관,부산광역시의료원,051-507-3000,051-607-2140,A1200024,A1200024,153,35.18731265,129.05917919433943
부산광역시 서구 구덕로 179 (아미동1가),G006,지역응급의료센터,부산대학교병원,051-240-7000,051-240-7776,A1200002,A1200002,154,35.10105418,129.0192221
부산광역시 남구 용호로232번길 25-14 (용호동),G007,지역응급의료기관,부산성모병원(재단법인 천주교부산교구유지재단),051-933-7114,051-933-7119,A1200013,A1200013,155,35.11045733,129.109192
전북특별자치도 부안군 부안읍 오정2길 24,G007,지역응급의료기관,부안성모병원,063-581-5100,063-580-8119,A2500010,A2500010,156,35.7248154,126.7345257
"경기도 부천시 소사구 호현로489번길 28 (소사본동, 세종병원)",G006,지역응급의료센터,부천세종병원,1599-6677,032-340-1119,A2100055,A2100055,157,37.4810049,126.7911674
경기도 부천시 오정구 소사로 726 (원종동),G009,응급실운영신고기관,부천우리병원,032-672-4100,032-672-2400,A2100058,A2100058,158,37.52438753,126.8051856
"경기도 성남시 분당구 구미로173번길 82 (구미동, 분당서울대학교병원)",G001,권역응급의료센터,분당서울대학교병원,031-787-2114,031-787-3119,A2100001,A2100001,159,37.35202597,127.1244835
인천광역시 강화군 강화읍 충렬사로 31,G007,지역응급의료기관,비에스종합병원,032-290-0001,032-290-0119,A1403617,A1403617,160,37.73605305,126.485707
부산광역시 수영구 수영로 615 (광안동),G006,지역응급의료센터,비에이치에스한서병원,051-756-0081,051-998-1119,A1200007,A1200007,161,35.16104606,129.1128811
부산광역시 동래구 충렬대로 455 (안락동),G009,응급실운영신고기관,빌리브세웅병원,051-500-1100,051-500-1119,A1206845,A1206845,162,35.19593283,129.1082119
전라남도 나주시 정보화길 49-0 (빛가람동),G007,지역응급의료기관,빛가람종합병원,061-820-0820,061-820-0909,A2602211,A2602211,163,35.02420484,126.7987474
광주광역시 남구 덕남길 80 (덕남동),G009,응급실운영신고기관,빛고을전남대학교병원,1899-0000,,A1500078,A1500078,164,35.09447963,126.8963843
"서울특별시 관악구 남부순환로 1860, -1,1,3,4,5층 (봉천동,  )",G009,응급실운영신고기관,사랑의병원,02-880-0114,02-880-0119,A1100148,A1100148,165,37.47962478,126.9562858
경상남도 산청군 산청읍 중앙로 97,G007,지역응급의료기관,산청군보건의료원,055-970-7500,055-970-7582,E2800380,E2800380,166,35.41604632,127.8841959
"서울특별시 강남구 일원로 81 (일원동, 삼성의료원)",G006,지역응급의료센터,삼성서울병원,02-3410-2114,02-3410-2060,A1100010,A1100010,167,37.48851613,127.0866825
경상남도 합천군 합천읍 대야로 876,G007,지역응급의료기관,삼성합천병원,055-933-2200,070-5125-5030,A2800055,A2800055,168,35.56635668,128.1632717
부산광역시 서구 대티로 170 (서대신동2가),G007,지역응급의료기관,삼육부산병원,051-242-9751,051-600-7750,A1200021,A1200021,169,35.11177721,129.0107498
서울특별시 동대문구 망우로 82 (휘경동),G006,지역응급의료센터,삼육서울병원,02-2244-0191,02-2210-3566,A1100021,A1100021,170,37.587992,127.0653288
"대구광역시 달서구 월배로 436, 지하1,지상1~11층 (송현동)",G007,지역응급의료기관,삼일병원,053-659-3100,053-659-3119,A1300045,A1300045,171,35.83274795,128.5538551
"경상남도 사천시 중앙로 136, 삼천포제일병원 (벌리동)",G007,지역응급의료기관,삼천포제일병원,055-833-4400,055-830-3099,A2800101,A2800101,172,34.93753929,128.0795128
광주광역시 서구 상무자유로 181-7 (치평동),G007,지역응급의료기관,상무병원,062-600-7000,062-600-7119,A1500022,A1500022,173,35.15242291,126.8539184
경상북도 상주시 상서문로 53 (남성동),G007,지역응급의료기관,상주적십자병원,054-534-3501,054-530-3171,A2700011,A2700011,174,36.41464078,128.1556012
충청남도 금산군 금산읍 비단로 183,G009,응급실운영신고기관,새금산병원,041-754-8272,041-754-8053,A2400019,A2400019,175,36.10403153,127.4962012
경상남도 통영시 무전7길 192 (무전동),G007,지역응급의료기관,새통영병원,055-646-6000,055-640-4119,A2800092,A2800092,176,34.86535759,128.4206526
광주광역시 서구 금화로59번길 6 (금호동),G006,지역응급의료센터,서광병원,062-600-8000,062-600-8119,A1500020,A1500020,177,35.13256833,126.8555271
충청남도 서산시 수석산업로 5 (수석동),G006,지역응급의료센터,서산중앙병원,041-661-1000,041-661-1195,A2400003,A2400003,178,36.78101237,126.5034218
서울특별시 종로구 대학로 101 (연건동),G001,권역응급의료센터,서울대학교병원,02-1588-5700,02-2072-2475,A1100017,A1100017,179,37.57966609,126.9989631
서울특별시 종로구 대학로 101 (연건동),G009,응급실운영신고기관,서울대학교치과병원,1522-2700,02-6256-3362,A1107402,A1107402,180,37.58045239,126.9971964
"울산광역시 울주군 삼남읍 중평로 53, 서울산보람병원",G007,지역응급의료기관,서울산보람병원,052-255-7114,052-255-7119,A1700001,A1700001,181,35.55991148,129.120713
"서울특별시 동대문구 왕산로 259, 서울성심병원 (청량리동)",G007,지역응급의료기관,서울성심병원,02-966-1616,02-966-1616,A1100050,A1100050,182,37.58419129,127.0498381
"서울특별시 종로구 새문안로 9, 적십자병원 (평동)",G007,지역응급의료기관,서울적십자병원,02-2002-8000,02-2002-8888,A1100029,A1100029,183,37.56715536,126.9669986
서울특별시 동대문구 무학로 124 (용두동),G007,지역응급의료기관,서울특별시동부병원,02-920-9114,02-920-9119,A1100022,A1100022,184,37.57539886,127.0314026
서울특별시 동작구 보라매로5길 20 (신대방동),G006,지역응급의료센터,서울특별시보라매병원,02-870-2114,02-870-2119,A1100040,A1100040,185,37.4937184,126.9240488
서울특별시 양천구 신정이펜1로 20 (신정동),G007,지역응급의료기관,서울특별시서남병원,1566-6688,02-6300-9129,A1100223,A1100223,186,37.51201936,126.8331299
서울특별시 중랑구 신내로 156 (신내동),G001,권역응급의료센터,서울특별시서울의료원,02-2276-7000,02-2276-7000,A1100035,A1100035,187,37.61286932,127.0980911
"서울특별시 강북구 도봉로 374 (번동, 서울현대병원)",G009,응급실운영신고기관,서울현대병원,02-1588-6853,02-902-9119,A1100172,A1100172,188,37.64025592,127.0285044
광주광역시 서구 무진대로 975 (광천동),G009,응급실운영신고기관,선한병원,062-466-1000,062-466-1119,A1502006,A1502006,189,35.16155167,126.8870269
전라남도 순천시 순광로 221 (조례동),G001,권역응급의료센터,성가롤로병원,061-720-2000,061-720-6119,A2600019,A2600019,190,34.96342524,127.5423089
"경기도 성남시 수정구 수정로171번길 10, 성남시의료원 (태평동)",G006,지역응급의료센터,성남시의료원,031-738-7000,031-738-7300,A2116806,A2116806,191,37.44498429,127.139057
경기도 성남시 중원구 산성대로476번길 12 (금광동),G007,지역응급의료기관,성남중앙병원,031-743-3000,031-799-5599,A2100011,A2100011,192,37.45280321,127.1620954
"경기도 성남시 수정구 성남대로 1171, 삼성화재빌딩 1층일부, 2~9층 (수진동)",G009,응급실운영신고기관,성모윌병원,031-751-2075,1833-5001,A2115807,A2115807,193,37.43444739,127.1282853
서울특별시 강동구 성안로 150 (길동),G006,지역응급의료센터,성심의료재단강동성심병원,02-2224-2114,02-2224-2358,A1100028,A1100028,194,37.53598408,127.1352635
"경기도 평택시 안중읍 안현로서6길 16, 성심중앙병원",G009,응급실운영신고기관,성심중앙병원,031-681-1119,031-681-1119,A2100255,A2100255,195,36.98400219,126.92773248728593
"서울특별시 영등포구 여의대방로53길 22 (신길동, 성애병원)",G006,지역응급의료센터,성애의료재단성애병원,02-840-7114,02-840-7115,A1100054,A1100054,196,37.51205045,126.9223673
경상북도 성주군 성주읍 성주읍3길 5-3,G009,응급실운영신고기관,성주무강병원,054-932-1212,054-932-1909,A2700030,A2700030,197,35.91869489,128.2866997
서울특별시 종로구 통일로 256 (무악동),G007,지역응급의료기관,세란병원,02-737-0181,02-737-0181,A1100032,A1100032,198,37.57534017,126.9577072
부산광역시 금정구 서동로 162 (서동),G009,응급실운영신고기관,세웅병원,051-500-9700,051-500-9671,A1200081,A1200081,199,35.21442476,129.1040828
"부산광역시 동구 중앙대로 317 (초량동, 세일병원)",G009,응급실운영신고기관,세일병원,051-464-8110,051-460-5277,A1200111,A1200111,200,35.12484866,129.0445942
"경기도 여주시 청심로 39, 세종여주병원 (하동)",G007,지역응급의료기관,세종여주병원,031-880-7700,031-880-7754,A2100194,A2100194,201,37.3013258,127.6267202
"세종특별자치시 보듬7로 20, 세종충남대학교병원 (도담동)",G006,지역응급의료센터,세종충남대학교병원,1800-3114,044-995-3010,A1800441,A1800441,202,36.51951336,127.2579427
"광주광역시 광산구 송도로 232 (송정동, 송정사랑병원)",G009,응급실운영신고기관,송정사랑병원,062-949-9000,062-949-9119,A1500071,A1500071,203,35.1342118,126.79736841847565
경기도 수원시 권선구 권선로 654 (권선동),G009,응급실운영신고기관,수원중앙병원,031-229-9777,031-229-9888,A2100206,A2100206,204,37.25991334,127.0228408
전북특별자치도 순창군 순창읍 교성로 135 (순창군보건의료원),G007,지역응급의료기관,순창군보건의료원,063-650-5321,063-650-5352,E2500021,E2500021,205,35.3670363,127.1436672
"경기도 성남시 수정구 수정로 76, 지하3~10층 (수진동)",G007,지역응급의료기관,순천의료재단성남정병원,031-750-6000,031-750-6003,A2100016,A2100016,206,37.43962497,127.1286392
전라남도 순천시 기적의도서관1길 3 (조례동),G007,지역응급의료기관,순천제일병원,061-720-3413,061-720-3800,A2600008,A2600008,207,34.9542246,127.5238565
전라남도 순천시 장명로 5 (장천동),G007,지역응급의료기관,순천중앙병원,061-743-9021,061-749-5119,A2600004,A2600004,208,34.95165645,127.4844113
서울특별시 용산구 대사관로 59 (한남동),G006,지역응급의료센터,순천향대학교 부속 서울병원,02-709-9114,02-709-9117,A1100004,A1100004,209,37.53384172,127.004418
"경상북도 구미시 1공단로 179 (공단동, (공단동))",G006,지역응급의료센터,순천향대학교부속구미병원,054-468-9114,054-468-9119,A2700013,A2700013,210,36.10286858,128.3826548
"경기도 부천시 원미구 조마루로 170, 부흥로 173(1층일부) (중동)",G001,권역응급의료센터,순천향대학교부속부천병원,032-621-5114,032-621-5117,A2100005,A2100005,211,37.49857073,126.7623824
경상남도 함안군 칠원읍 용산2길 45-13,G009,응급실운영신고기관,시영의료재단 영동병원,055-586-2000,055-586-2000,A2800138,A2800138,212,35.30898264,128.5155436
광주광역시 광산구 목련로 316 (신가동),G007,지역응급의료기관,신가병원,062-610-8702,062-610-8119,A1500006,A1500006,213,35.17761944,126.829800000000006
"서울특별시 마포구 서강로 110, 지2층~6층 (신수동)",G009,응급실운영신고기관,신촌연세병원,02-337-7582,02-337-7582,A1100063,A1100063,214,37.55258927,126.9337347
"서울특별시 영등포구 영등포로36길 13 (영등포동4가, 충무병원)",G009,응급실운영신고기관,씨엠병원,02-2678-0001,070-4698-7811,A1100045,A1100045,215,37.51884833,126.9036798
충청남도 아산시 문화로 381 (모종동),G006,지역응급의료센터,아산충무병원,041-536-6666,041-536-6519,A2402257,A2402257,216,36.7792925,127.0199489
경기도 수원시 영통구 월드컵로 164 (원천동),G001,권역응급의료센터,아주대학교병원,031-219-5114,031-219-7777,A2100002,A2100002,217,37.27944776,127.0475211
경상북도 안동시 서동문로 99 (금곡동),G006,지역응급의료센터,안동성소병원,054-857-2321,054-850-8282,A2700004,A2700004,218,36.56712693,128.72245351866203
경기도 안성시 시장길 58 (서인동),G007,지역응급의료기관,안성성모병원,031-675-6007,031-675-8275,A2100305,A2100305,219,37.00610346,127.2708443
"인천광역시 부평구 부평대로 175 (청천동, 세림병원)",G006,지역응급의료센터,안은의료재단 부평세림병원,032-509-5555,032-509-5777,A1400013,A1400013,220,37.50684251,126.7199468
경상남도 양산시 물금읍 금오로 20,G001,권역응급의료센터,양산부산대학교병원,055-360-1000,055-360-1463,A2800011,A2800011,221,35.32781997,129.0058861
경기도 양주시 회정로 103 (덕정동),G009,응급실운영신고기관,양주예쓰병원,031-825-5000,031-825-1119,A2100134,A2100134,222,37.83756356,127.0646389
경기도 양평군 양평읍 중앙로 129,G007,지역응급의료기관,양평병원,031-770-5000,031-770-5119,A2100089,A2100089,223,37.49396264,127.5034709
"경상북도 포항시 남구 희망대로 352 (이동, 에스포항병원)",G007,지역응급의료기관,에스포항병원,054-289-9000,054-289-9120,A2700008,A2700008,224,36.0348229,129.3314003
경기도 가평군 설악면 미사리로 267-177,G009,응급실운영신고기관,에이치제이매그놀리아국제병원,031-589-4300,031-589-4465,A2100282,A2100282,225,37.69104513,127.5214132
"경기도 남양주시 퇴계원읍 퇴계원로 20, 지하2~지상7층 일부제외호",G007,지역응급의료기관,엘병원,1899-3377,031-527-6119,A2118188,A2118188,226,37.64873349,127.1410487
"전라남도 여수시 좌수영로 49 (광무동, 전남병원)",G007,지역응급의료기관,여수전남병원,061-640-7575,061-640-7118,A2600010,A2600010,227,34.7450192,127.7280841
전라남도 여수시 여천체육공원길 10 (신기동),G009,응급실운영신고기관,여수한국병원,061653-2000,061-689-9119,A2601742,A2601742,228,34.76124318,127.6750954
"전라남도 여수시 무선로 95 (선원동, (선원동))",G006,지역응급의료센터,여천전남병원,061-690-6000,061-690-6118,A2600014,A2600014,229,34.76918041,127.6540427
"강원특별자치도 원주시 일산로 20-0 (일산동, (일산동))",G001,권역응급의료센터,연세대학교원주세브란스기독병원,033-741-0114,033-741-1641,A2200001,A2200001,230,37.34795543,127.9456453
"서울특별시 강남구 언주로 211, 강남세브란스병원 (도곡동)",G006,지역응급의료센터,연세대학교의과대학강남세브란스병원,02-2019-3114,02-2019-3333,A1100015,A1100015,231,37.49280698,127.04631254186797
서울특별시 서대문구 연세로 50-1 (신촌동),G006,지역응급의료센터,연세대학교의과대학세브란스병원,02-2228-0114,02-2227-7777,A1100007,A1100007,232,37.56211711,126.9408277
경기도 용인시 기흥구 동백죽전대로 363 (중동),G006,지역응급의료센터,연세대학교의과대학용인세브란스병원,1899-1004,031-5189-9001,A2100020,A2100020,233,37.27077583,127.1481886
경기도 여주시 영릉로 22 (창동),G009,응급실운영신고기관,연세새로운병원,031-885-7582,031-885-7582,A2100173,A2100173,234,37.28987165,127.6328795
경상남도 창원시 진해구 해원로32번길 13 (이동),G007,지역응급의료기관,연세에스병원,055-548-7700,055-548-7789,A2800021,A2800021,235,35.1547321,128.6983353
경기도 연천군 전곡읍 은대성로 95,G007,지역응급의료기관,연천군보건의료원,031-839-4001,031-839-4119,E2100187,E2100187,236,38.02374167,127.0612444
"전라남도 영광군 영광읍 와룡로 3,",G007,지역응급의료기관,영광종합병원,061-350-8000,061-350-8129,A2600015,A2600015,237,35.28418362,126.4989403
대구광역시 남구 현충로 170 (대명동),G001,권역응급의료센터,영남대학교병원,053-623-8001,053-620-3177,A1300001,A1300001,238,35.84750592,128.5851312
경상북도 영천시 오수1길 10 (오수동),G007,지역응급의료기관,영남대학교의과대학부속영천병원,0543389000,054-330-7575,A2700017,A2700017,239,35.95732074,128.9130533
경상북도 영덕군 영해면 영덕로 1621,G009,응급실운영신고기관,영덕아산병원,054-730-0152,054-730-0119,A2700073,A2700073,240,36.52464785,129.4022978
부산광역시 영도구 태종로 85 (대교동2가),G007,지역응급의료기관,영도병원,051-414-8101,051-419-7575,A1200014,A1200014,241,35.0922712,129.0405371
전라남도 영암군 영암읍 오리정길 8,G007,지역응급의료기관,영암한국병원,061-470-7100,061-470-7118,A2600070,A2600070,242,34.79434132,126.70116990992957
경상북도 영주시 구성로 380 (영주동),G007,지역응급의료기관,영주기독병원,054-635-6161,054-635-3050,A2700031,A2700031,243,36.82516127,128.6211481
경상북도 영주시 대동로31번길 9 (가흥동),G007,지역응급의료기관,영주자인병원,054-633-1131,070-7335-5229,A2700020,A2700020,244,36.81594745,128.6056104
"경상북도 영주시 대학로 327-0 (가흥동,영주적십자병원)",G007,지역응급의료기관,영주적십자병원,054-630-0100,054-630-0112,A2702752,A2702752,245,36.82525797,128.6040035
충청남도 예산군 예산읍 신례원로 26,G009,응급실운영신고기관,예산명지병원,041-335-2255,041-335-5166,A2400015,A2400015,246,36.71373026,126.8341696
경기도 오산시 밀머리로1번길 16 (원동),G006,지역응급의료센터,오산한국병원,031-379-8300,031-378-5119,A2100024,A2100024,247,37.14122845,127.0753376
충청북도 청주시 청원구 오창읍 중부로 683,G009,응급실운영신고기관,오창중앙병원,043-218-0119,043-218-0119,A2300021,A2300021,248,36.70680258,127.4296518
인천광역시 서구 완정로 199 (왕길동),G007,지역응급의료기관,온누리병원,032-567-6200,032-568-9112,A1400005,A1400005,249,37.60280557,126.6543087
"전라남도 완도군 노화읍 노화로 813, 노화보건지소",G009,응급실운영신고기관,완도군노화읍보건지소,061-550-6800,,E2600362,E2600362,250,34.17730585,126.5709379
전라남도 완도군 완도읍 청해진동로 63,G007,지역응급의료기관,완도대성병원,061-553-1234,061-554-9500,A2600032,A2600032,251,34.31716999,126.73556371420687
서울특별시 강서구 하늘길 70 (과해동),G009,응급실운영신고기관,우리들병원,02-2660-7500,02-2660-7057,A1100042,A1100042,252,37.56199597,126.7963653
광주광역시 북구 북문대로 191 (운암동),G007,지역응급의료기관,운암한국병원,062-608-8000,062-608-8119,A1500010,A1500010,253,35.18513334,126.8695698
경상북도 울릉군 울릉읍 울릉순환로 396-18,G007,지역응급의료기관,울릉군보건의료원,054-790-6871,054-790-6911,E2700553,E2700553,254,37.48588602,130.8994771
울산광역시 남구 월평로171번길 13 (신정동),G006,지역응급의료센터,울산병원,052-259-5000,052-259-5119,A1700003,A1700003,255,35.54621708,129.3230996
울산광역시 북구 호계로 285 (호계동),G009,응급실운영신고기관,울산엘리야병원,052-290-2100,052-290-2119,A1700007,A1700007,256,35.62891129,129.3506301
경상북도 울진군 울진읍 현내항길 71,G007,지역응급의료기관,울진군의료원,054-785-7000,054-785-7119,A2700052,A2700052,257,36.99264956,129.4094916
전북특별자치도 익산시 무왕로 895 (신동),G001,권역응급의료센터,원광대학교병원,063-859-1114,063-859-1165,A2500001,A2500001,258,35.96424196,126.9593063
경기도 군포시 산본로 321 (산본동),G006,지역응급의료센터,원광대학교산본병원,031-390-2300,031-390-2345,A2100048,A2100048,259,37.35978718,126.9333072
경기도 남양주시 화도읍 경춘로 1943-16,G009,응급실운영신고기관,원병원,031-590-3114,031-5903-1189,A2100208,A2100208,260,37.65195717,127.30437739416751
강원특별자치도 원주시 소초면 치악로 2473,G009,응급실운영신고기관,원주성모병원,033-741-5000,033-741-5119,A2200030,A2200030,261,37.39364611,127.9845808
경기도 구리시 건원대로 47 (인창동),G009,응급실운영신고기관,윤서병원,031-553-6650,031-564-2222,A2100116,A2100116,262,37.60519853,127.1396114
서울특별시 은평구 연서로 177 (갈현동),G009,응급실운영신고기관,은평연세병원,02-388-8114,02-388-0119,A1100152,A1100152,263,37.61469222,126.9174722
경상북도 경산시 경안로 11 (백천동),G007,지역응급의료기관,의)근원의료재단경산중앙병원,053-715-0100,053-715-0119,A2700019,A2700019,264,35.80882731,128.7401573
경상남도 의령군 의령읍 의병로14길 10,G007,지역응급의료기관,의령병원,055-573-4100,055-573-6806,A2800090,A2800090,265,35.31860563,128.2586798
부산광역시 강서구 녹산산단321로 24-8 (송정동),G009,응급실운영신고기관,의료법인 갑을의료재단 갑을녹산병원,051-974-8300,051-974-8414,A1200139,A1200139,266,35.09057381,128.8533209
전라남도 영광군 영광읍 신남로 265,G007,지역응급의료기관,의료법인 거명의료재단 영광기독병원,061-350-3000,061-350-3080,A2600034,A2600034,267,35.27495936,126.5108759
경상남도 거제시 계룡로5길 14 (상동동),G007,지역응급의료기관,의료법인 거붕 백병원,055-733-0000,055-733-0180,A2800008,A2800008,268,34.87367581,128.626057
"부산광역시 동래구 충렬대로 96 (온천동, 광혜병원)",G007,지역응급의료기관,의료법인 광혜의료재단 광혜병원,051-503-2111,051-504-2119,A1200009,A1200009,269,35.20703333,129.071136111111116
"인천광역시 남동구 남동대로774번길 21 (구월동, 가천대학교길병원)",G001,권역응급의료센터,의료법인 길의료재단 길병원,032-460-3548,032-460-3012,A1400001,A1400001,270,37.45208025,126.7091617
"인천광역시 연수구 먼우금로 98 (동춘동, 나사렛국제병원)",G006,지역응급의료센터,의료법인 나사렛의료재단 나사렛국제병원,032-899-9999,032-899-9699,A1400011,A1400011,271,37.40799111,126.6704694
"경기도 시흥시 군자천로 381, 시화병원 (정왕동)",G006,지역응급의료센터,의료법인 남촌의료재단 시화병원,031-1811-7000,031-5189-0576,A2100008,A2100008,272,37.34995564,126.736971
"인천광역시 서구 원적로 23 (가좌동, 원적로 27번길 11(가좌동))",G006,지역응급의료센터,의료법인 루가의료재단 나은병원,032-584-0114,032-584-4119,A1400003,A1400003,273,37.48905341,126.6794507
"경상남도 진주시 동진로 2 (칠암동, 진주고려병원)",G007,지역응급의료기관,의료법인 문병욱의료재단 진주고려병원,055-751-2500,055-751-2525,A2800015,A2800015,274,35.17849132,128.0922386
경상남도 진주시 동진로 7 (칠암동),G009,응급실운영신고기관,의료법인 바른의료재단 바른병원,055-790-3000,055-790-3651,A2800045,A2800045,275,35.17920816,128.0917048
경상남도 거제시 연초면 거제대로 4477,G007,지역응급의료기관,의료법인 성념의료재단맑은샘병원,055-736-1004,055-736-0119,A2800022,A2800022,276,34.89793483,128.6437178
인천광역시 동구 샛골로 214 (송림동),G007,지역응급의료기관,의료법인 성수의료재단 인천백병원,032-765-7070,032-280-8119,A1400007,A1400007,277,37.47725814,126.6485041
부산광역시 수영구 수영로679번길 8 (광안동),G007,지역응급의료기관,의료법인 센텀의료재단 센텀종합병원,051-750-5000,051-750-5119,A1200098,A1200098,278,35.16637129,129.1146683
"세종특별자치시 한누리대로 161, 세종시 NK리움힐 상가 1~8층 (나성동)",G007,지역응급의료기관,의료법인 영제 의료재단 엔케이세종병원,044-850-7700,044-850-7705,A1800417,A1800417,279,36.47962251,127.2622562
"부산광역시 부산진구 가야대로 719, ,767,721,본관 지하3~11층 전부,12층 일부,13~14층 전부,15층 일부,신관 1층, 9층 일부 (당감동)",G006,지역응급의료센터,의료법인 온그룹의료재단 온병원,051-607-0114,051-607-0139,A1200020,A1200020,280,35.15787736,129.0499844
부산광역시 수영구 수영로 493 (남천동),G007,지역응급의료기관,의료법인 은성의료재단 좋은강안병원,051-625-0900,051-610-9119,A1200008,A1200008,281,35.15015906,129.1107243
경상남도 남해군 남해읍 화전로 169,G007,지역응급의료기관,의료법인 이도의료재단 남해병원,055-863-2201,055-860-6630,A2800094,A2800094,282,34.84640603,127.8942516
부산광역시 북구 만덕대로 59 (덕천동),G007,지역응급의료기관,의료법인 인당의료재단 부민병원,051-330-3000,051-330-3129,A1200006,A1200006,283,35.21191432,129.01121232860873
"부산광역시 해운대구 해운대로 584, 해운대 부민병원 지하4~지상13층 (우동)",G007,지역응급의료기관,의료법인 인당의료재단 해운대부민병원,051-602-8000,051-602-8119,A1205143,A1205143,284,35.16142041,129.1556561
부산광역시 영도구 태종로 133 (봉래동3가),G007,지역응급의료기관,의료법인 행도의료재단 해동병원,051-412-6161,051-410-6688,A1200012,A1200012,285,35.09194298,129.0438643
제주특별자치도 제주시 서광로 193 (삼도일동),G007,지역응급의료기관,의료법인 혜인의료재단 한국병원,064-750-0000,064-750-0160,A2900003,A2900003,286,33.50018592,126.5169887
경기도 평택시 송탄로 33 (장당동),G007,지역응급의료기관,의료법인갈렌의료재단박병원,031-666-2600,031-662-4119,A2100309,A2100309,287,37.0482647,127.0570039
경상남도 김해시 장유로 167-13 (부곡동),G007,지역응급의료기관,의료법인갑을의료재단갑을장유병원,055-310-6000,055-310-6119,A2800014,A2800014,288,35.20866716,128.805643
강원특별자치도 강릉시 강릉대로419번길 42 (포남동),G006,지역응급의료센터,의료법인강릉동인병원,033-650-6113,033-650-6105,A2200005,A2200005,289,37.77432579,128.9071418
충청북도 진천군 진천읍 중앙북로 36-0 (진천성모병원),G007,지역응급의료기관,의료법인건명의료재단중앙제일병원,043-533-1711,043-537-9119,A2300013,A2300013,290,36.85848748,127.4405079
대구광역시 달서구 감삼북길 141 (감삼동),G007,지역응급의료기관,의료법인구의료재단구병원,053-560-9114,053-557-7119,A1300006,A1300006,291,35.85082314,128.54148303217695
경기도 수원시 팔달구 중부대로 165 (우만동),G006,지역응급의료센터,의료법인녹산의료재단동수원병원,031-210-0114,031-210-0119,A2100009,A2100009,292,37.27816562,127.0343638
충청북도 괴산군 괴산읍 임꺽정로 116-0 (괴산성모병원),G007,지역응급의료기관,의료법인대광의료재단괴산성모병원,043-830-5400,043-830-5419,A2300034,A2300034,293,36.81544388,127.7842463
경상북도 청도군 화양읍 청화로 79-7,G007,지역응급의료기관,의료법인대남의료재단청도대남병원,054-373-0606,054-370-5112,A2700038,A2700038,294,35.64871262,128.7371132
전북특별자치도 익산시 무왕로 969 (신동),G006,지역응급의료센터,의료법인대산의료재단익산병원,063-840-9114,063-840-9112,A2500011,A2500011,295,35.96168123,126.9664997
경상남도 거제시 두모길 16 (두모동),G007,지역응급의료기관,의료법인대우의료재단대우병원,055-680-8114,055-680-8119,A2800005,A2800005,296,34.87222152,128.7221642
"경기도 부천시 원미구 중동로 361, 다니엘종합병원 (약대동)",G007,지역응급의료기관,의료법인대인의료재단다니엘종합병원,032-670-0001,032-670-0119,A2100050,A2100050,297,37.51232156,126.7694889
경상북도 김천시 신음1길 12 (신음동),G006,지역응급의료센터,의료법인덕산의료재단김천제일병원,054-420-9300,054-420-9500,A2700012,A2700012,298,36.135342,128.1188238
울산광역시 중구 태화로 239 (태화동),G006,지역응급의료센터,의료법인동강의료재단동강병원,052-241-1114,052-241-1190,A1700002,A1700002,299,35.55340951,129.3019429
"울산광역시 중구 외솔큰길 215 (남외동, 동천동강병원)",G009,응급실운영신고기관,의료법인동강의료재단동천동강병원,052-702-3114,052-702-3456,A1701489,A1701489,300,35.56854603,129.350478
"서울특별시 서대문구 연희로 272, 동신병원 본관동 (홍은동)",G007,지역응급의료기관,의료법인동신의료재단동신병원,02-396-9161,02-396-9161,A1100025,A1100025,301,37.58110428,126.9365831
경상북도 문경시 당교3길 25 (모전동),G006,지역응급의료센터,의료법인동춘의료재단문경제일병원,054-550-7700,054-550-7777,A2700006,A2700006,302,36.58482144,128.1897715
"강원특별자치도 동해시 하평로 26-  (평릉동, (평릉동))",G007,지역응급의료기관,의료법인동해동인병원,033-530-0114,033-530-0129,A2200003,A2200003,303,37.53000681,129.1074043
"경기도 시흥시 복지로 57, 복지로 61, 2층 (대야동)",G007,지역응급의료기관,의료법인록향의료재단신천연합병원,031-310-6300,031-310-6661,A2100013,A2100013,304,37.44454606,126.7893839
경상북도 영양군 영양읍 동서대로 75,G009,응급실운영신고기관,의료법인명성의료재단영양병원,054-682-0727,054-682-3866,A2700026,A2700026,305,36.66257764,129.1173135
경기도 수원시 권선구 호매실로90번길 98 (호매실동),G006,지역응급의료센터,의료법인명인의료재단화홍병원,031-278-0119,031-8021-6829,A2117135,A2117135,306,37.26014275,126.9638917
"충청북도 제천시 내토로 991-0 (고암동,의료법인명지의료재단명지병원)",G006,지역응급의료센터,의료법인명지의료재단명지병원,043-640-8114,043-640-8117,A2300009,A2300009,307,37.16300576,128.23405656001105
경기도 고양시 덕양구 화수로14번길 55 (화정동),G001,권역응급의료센터,의료법인명지의료재단명지병원,031-810-5114,031-810-7119,A2100042,A2100042,308,37.64207169,126.8314573
전라남도 목포시 영산로 627 (석현동),G006,지역응급의료센터,의료법인목포구암의료재단목포중앙병원,061-280-3000,061-280-3119,A2600017,A2600017,309,34.82080732,126.4213809
경기도 평택시 평택2로20번길 3 (평택동),G007,지역응급의료기관,의료법인박애의료재단박애병원,031-652-2121,031-650-9219,A2100022,A2100022,310,36.99308383,127.089079
경기도 평택시 중앙로 338 (합정동),G006,지역응급의료센터,의료법인백송의료재단굿모닝병원,031-5182-7700,031-5182-7582,A2100028,A2100028,311,36.99057342,127.1204637
충청남도 논산시 시민로294번길 14 (취암동),G006,지역응급의료센터,의료법인백제병원,041-733-2191,041-730-8888,A2400009,A2400009,312,36.19250243,127.09436976296005
대구광역시 동구 국채보상로 769 (신천동),G009,응급실운영신고기관,의료법인백천의료재단바로본병원,1644-8575,053-721-8549,A1300033,A1300033,313,35.86845464,128.6151837
강원특별자치도 속초시 중앙로 11 (교동),G007,지역응급의료기관,의료법인보광의료재단속초보광병원,033-639-8500,033-639-8988,A2200046,A2200046,314,38.19802125,128.5783866
경상북도 상주시 냉림서성길 7 (냉림동),G007,지역응급의료기관,의료법인삼백의료재단상주성모병원,054-532-5001,054-530-7811,A2700009,A2700009,315,36.42029126,128.1597334
전라남도 보성군 벌교읍 남하로 12,G007,지역응급의료기관,의료법인삼호의료재단벌교삼호병원,061-859-5000,061-859-5119,A2600066,A2600066,316,34.83384675,127.3457323
경상북도 경산시 경안로 208 (중방동),G007,지역응급의료기관,의료법인서명의료재단세명종합병원,053-819-8803,053-819-8500,A2700036,A2700036,317,35.82621911,128.7374074
"서울특별시 관악구 남부순환로 1636, 양지병원 (신림동)",G006,지역응급의료센터,의료법인서울효천의료재단에이치플러스양지병원,02-1877-8875,070-4665-9119,A1100041,A1100041,318,37.48427507,126.9325392
경상북도 예천군 예천읍 시장로 136,G007,지역응급의료기관,의료법인서준의료재단예천권병원,054-654-6611,054-650-2119,A2700023,A2700023,319,36.65741645,128.4589049
충청남도 서천군 서천읍 서천로 184,G007,지역응급의료기관,의료법인서해병원,041-951-8282,041-950-0219,A2400044,A2400044,320,36.08449429,126.6875811
"경기도 시흥시 공단1대로 237 (정왕동, 센트럴 병원)",G007,지역응급의료기관,의료법인석경의료재단센트럴병원,031-8041-3000,031-8041-3019,A2100027,A2100027,321,37.33640947,126.72768862827666
경상남도 창원시 마산합포구 3·15대로 238 (중앙동3가),G009,응급실운영신고기관,의료법인석영의료재단창원제일종합병원,055-223-9000,055-249-7777,A2800018,A2800018,322,35.19903607,128.5677292
전북특별자치도 고창군 고창읍 화신1길 9,G007,지역응급의료기관,의료법인석천재단고창병원,063-560-5600,063-560-5558,A2500009,A2500009,323,35.43645131,126.6933181
"경기도 고양시 일산동구 중앙로 1205, 지하1층(일부),지하2층,지하4층(일부),1층(일부),2층(일부),3층(일부),4~5층,6층(일부), 7~10층 (장항동)",G007,지역응급의료기관,의료법인성광의료재단일산차병원,031-782-8300,031-782-8587,A2116972,A2116972,324,37.65413326,126.7757431
강원특별자치도 양구군 양구읍 중심로 160,G007,지역응급의료기관,의료법인성심의료재단양구성심병원,033-480-8803,033-480-8816,A2200037,A2200037,325,38.10477889,127.9911973
강원특별자치도 원주시 원일로 22 (인동),G007,지역응급의료기관,의료법인성지의료재단성지병원,033-760-3101,033-760-3119,A2200024,A2200024,326,37.34529898,127.9540092
"서울특별시 강북구 도봉로 301 (수유동, 대한병원)",G009,응급실운영신고기관,의료법인성화의료재단대한병원,02-903-3232,02-905-9110,A1100030,A1100030,327,37.63547043,127.0226725
부산광역시 사상구 새벽로 226 (괘법동),G009,응급실운영신고기관,의료법인센텀의료재단 서부산센텀병원,051-329-3000,051-329-3119,A1200101,A1200101,328,35.16119493,128.9845476
충청북도 청주시 흥덕구 사직대로 26 (복대동),G009,응급실운영신고기관,의료법인송암의료재단마이크로병원,043-265-0071,070-7038-2717,A2300039,A2300039,329,36.6340215,127.4500945
울산광역시 북구 산업로 1007 (연암동),G006,지역응급의료센터,의료법인송은의료재단울산시티병원,052-280-9000,052-280-9119,A1700025,A1700025,330,35.5828537,129.35905740278505
경상남도 김해시 활천로 33 (삼정동),G006,지역응급의료센터,의료법인숭인의료재단 김해복음병원,055-330-8888,055-330-8844,A2800006,A2800006,331,35.23048978,128.8935458
경상남도 사천시 남일로 33 (동금동),G007,지역응급의료기관,의료법인승연의료재단 삼천포서울병원,055-835-9900,055-830-9019,A2800068,A2800068,332,34.93302179,128.0801202
전라남도 신안군 비금면 송치길 155-11,G007,지역응급의료기관,의료법인신안대우병원,061-262-3301,061-262-3309,A2600051,A2600051,333,34.7222631,125.9325657
경상남도 김해시 김해대로 2335 (부원동),G009,응급실운영신고기관,의료법인신의료재단김해삼승병원,055-310-7700,055-310-7777,A2800146,A2800146,334,35.22673057,128.8821902
경상북도 안동시 앙실로 11 (수상동),G001,권역응급의료센터,의료법인안동병원,054-840-1004,054-840-0119,A2700014,A2700014,335,36.54691448,128.7009702
경기도 평택시 평택로 284 (세교동),G006,지역응급의료센터,의료법인양진의료재단평택성모병원,1800-8800,070-5012-0119,A2113246,A2113246,336,37.00880991,127.07371568769603
울산광역시 중구 학성로 184 (학성동),G009,응급실운영신고기관,의료법인에스엠씨의료재단울산세민병원,052-290-0114,052-290-0119,A1700036,A1700036,337,35.55658416,129.3309688
"전북특별자치도 전주시 완산구 한두평3길 13 (중화산동2가, 전주병원)",G006,지역응급의료센터,의료법인영경의료재단전주병원,063-220-7200,063-226-6119,A2500005,A2500005,338,35.8150266,127.1247992
전북특별자치도 전주시 덕진구 동부대로 895 (호성동1가),G007,지역응급의료기관,의료법인영경의료재단호성전주병원,063-240-8800,063-240-8862,A2501890,A2501890,339,35.86552842,127.1479029
경기도 의정부시 금신로 322 (신곡동),G007,지역응급의료기관,의료법인영동의료재단의정부백병원,031-856-8111,031-842-1211,A2100034,A2100034,340,37.74536736,127.0620671
"충청남도 천안시 서북구 다가말3길 8, 충무병원 (쌍용동)",G006,지역응급의료센터,의료법인영서의료재단천안충무병원,041-570-7555,041-570-7519,A2400012,A2400012,341,36.79739688,127.1315782
전라남도 고흥군 고흥읍 고흥로 1935,G007,지역응급의료기관,의료법인영성의료재단고흥종합병원,061-832-1911,061-830-3118,A2600018,A2600018,342,34.62039308,127.2937137
경상북도 고령군 대가야읍 중앙로 33 (영생병원),G007,지역응급의료기관,의료법인영암의료재단고령영생병원,054-955-2661,070-4700-0728,A2700070,A2700070,343,35.72995532,128.2720114
경상북도 의성군 안계면 용기4길 36,G007,지역응급의료기관,의료법인영제의료재단영남제일병원,054-861-9111,054-861-9111,A2700063,A2700063,344,36.38925517,128.4342949
"대전광역시 중구 목중로 29 (목동, 선병원)",G006,지역응급의료센터,의료법인영훈의료재단대전선병원,042-220-8000,042-220-8129,A1600008,A1600008,345,36.33596211,127.4101106
대전광역시 유성구 북유성대로 93 (지족동),G006,지역응급의료센터,의료법인영훈의료재단유성선병원,042-609-1000,042-609-1119,A1600007,A1600007,346,36.37535497,127.3249136
충청남도 예산군 예산읍 금오대로 94,G007,지역응급의료기관,의료법인예당의료재단예산종합병원,041-330-4000,041-330-4119,A2400004,A2400004,347,36.69111404,126.838104
전북특별자치도 군산시 조촌로 149 (조촌동),G006,지역응급의료센터,의료법인오성의료재단동군산병원,063-440-0570,063-440-0516,A2500012,A2500012,348,35.97740074,126.7371923
경상북도 칠곡군 왜관읍 군청2길 10,G009,응급실운영신고기관,의료법인왜관병원,054-971-1002,054-971-1004,A2700066,A2700066,349,35.996063888888891,128.401522222222212
"경기도 김포시 감암로 11, 김포우리병원 (걸포동)",G006,지역응급의료센터,의료법인우리의료재단김포우리병원,031-999-1000,031-999-1119,A2100053,A2100053,350,37.63253014,126.7105272
전라남도 장흥군 장흥읍 흥성로 74,G007,지역응급의료기관,의료법인우범의료재단장흥종합병원,061-862-8300,061-860-1119,A2600021,A2600021,351,34.67726072,126.9109361
경기도 화성시 화산북로 21 (송산동),G007,지역응급의료기관,의료법인원광의료재단원광종합병원,031-8077-7200,031-8077-7219,A2115699,A2115699,352,37.21006213,127.0080346
"부산광역시 사상구 가야대로 326, 좋은삼선병원 (주례동)",G006,지역응급의료센터,의료법인은성의료재단좋은삼선병원,051-322-0900,051-310-9119,A1200005,A1200005,353,35.15056774,129.0081979
울산광역시 남구 북부순환도로 51 (무거동),G007,지역응급의료기관,의료법인은성의료재단좋은삼정병원,052-220-7500,052-220-7600,A1700011,A1700011,354,35.55282642,129.2689979
경상북도 포항시 북구 대신로 43 (대신동),G007,지역응급의료기관,의료법인은성의료재단좋은선린병원,054-245-5000,054-245-5200,A2702563,A2702563,355,36.04808906,129.3670434
경기도 화성시 향남읍 발안로 5,G007,지역응급의료기관,의료법인은혜와감사의료재단화성중앙종합병원,031-352-8114,031-371-7998,A2100018,A2100018,356,37.13118967,126.9103656
"경기도 김포시 김포한강3로 283, 뉴고려병원 (장기동)",G006,지역응급의료센터,의료법인인봉의료재단뉴고려병원,031-998-8129,031-980-9119,A2100006,A2100006,357,37.64095508,126.6602276
서울특별시 영등포구 당산로31길 10 (당산동3가),G009,응급실운영신고기관,의료법인인봉의료재단영등포병원,02-2635-2809,02-2632-0013,A1100255,A1100255,358,37.52685809,126.895614
인천광역시 계양구 장제로 722 (작전동),G006,지역응급의료센터,의료법인인성의료재단한림병원,032-540-9114,032-540-9119,A1400014,A1400014,359,37.53218449,126.734355
"전라남도 함평군 함평읍 영수길 132, 함평성심병원",G009,응급실운영신고기관,의료법인인성의료재단함평성심병원,061-324-0001,061-324-0072,A2600090,A2600090,360,35.06188611,126.519805555555550
충청북도 청주시 상당구 단재로 106 (영운동),G006,지역응급의료센터,의료법인인화재단한국병원,043-222-7000,043-222-6177,A2300007,A2300007,361,36.61950589,127.4965949
"경기도 고양시 일산동구 고양대로 760, 가동 (중산동, 일산복음병원)",G009,응급실운영신고기관,의료법인일산복음병원,031-977-5000,031-929-0330,A2100283,A2100283,362,37.68205457,126.7801254
경기도 포천시 소흘읍 호국로 661,G007,지역응급의료기관,의료법인일심의료재단포천우리병원,031-542-0222,031-541-8282,A2100036,A2100036,363,37.82749591,127.1481437
충청북도 제천시 숭문로 57 (서부동),G006,지역응급의료센터,의료법인자산의료재단제천서울병원,043-642-7606,043-643-2327,A2300005,A2300005,364,37.13857101,128.2061393
"경기도 고양시 덕양구 중앙로 555, /중앙로557번길 14, 지하1(일부),1-6층 (행신동)",G007,지역응급의료기관,의료법인자인의료재단(더자인병원),031-930-3114,031-930-3119,A2100290,A2100290,365,37.62297865,126.8356824
전라남도 고흥군 도양읍 차경구렁목길 215,G007,지역응급의료기관,의료법인장호의료재단녹동현대병원,061-840-1200,061-840-1119,A2600068,A2600068,366,34.54619391,127.1456978
충청북도 보은군 보은읍 보은로 102,G007,지역응급의료기관,의료법인정민의료재단보은한양병원,043-544-1500,070-7575-2853,A2300017,A2300017,367,36.48327156,127.7182104
충청북도 청주시 상당구 쇠내로 16 (금천동),G006,지역응급의료센터,의료법인정산의료재단효성병원,043-221-5000,043-221-2192,A2300003,A2300003,368,36.62455637,127.4955852
"울산광역시 남구 문수로 472, 중앙병원 (신정동)",G006,지역응급의료센터,의료법인정안의료재단중앙병원,052-226-1100,052-226-1119,A1700028,A1700028,369,35.53208762,129.3048401
"부산광역시 동구 중앙대로 401 (좌천동, 봉생병원)",G007,지역응급의료기관,의료법인정화의료재단 봉생기념병원,051-664-4000,051-664-4119,A1200017,A1200017,370,35.13085784,129.0505709
충청북도 영동군 영동읍 대학로 106,G007,지역응급의료기관,의료법인조윤의료재단영동병원,043-740-9000,043-740-9333,A2300030,A2300030,371,36.18523284,127.7808326
"제주특별자치도 제주시 월랑로 91-0 (이호이동,중앙병원)",G006,지역응급의료센터,의료법인중앙의료재단중앙병원,064-786-7000,064-786-7777,A2900006,A2900006,372,33.49234615,126.47058708143306
서울특별시 은평구 통일로 873 (갈현동),G007,지역응급의료기관,의료법인청구성심병원,02-350-3300,02-383-0129,A1100023,A1100023,373,37.62079154,126.919554
경상남도 창원시 마산회원구 내서읍 광려천서로 67 (청아병원),G007,지역응급의료기관,의료법인청아의료재단청아병원,055-230-1500,055-230-1700,A2800009,A2800009,374,35.24798366,128.5097173
경기도 평택시 오좌동길 17-16 (독곡동),G009,응급실운영신고기관,의료법인청파의료재단송탄중앙병원,031-612-7000,031-612-7000,A2100301,A2100301,375,37.08854084,127.0641653
"경기도 안산시 상록구 예술광장로 69, 사랑의병원(593-4번지/593-5번지) (성포동)",G007,지역응급의료기관,의료법인칠석의료재단사랑의병원,031-439-3000,031-502-0119,A2100124,A2100124,376,37.3270204,126.8448635
충청북도 음성군 금왕읍 음성로1230번길 10,G009,응급실운영신고기관,의료법인태성의료재단제일조은병원,043-883-8800,043-883-8800,A2300015,A2300015,377,36.99760379,127.5985345
경기도 수원시 팔달구 경수대로 437 (인계동),G007,지역응급의료기관,의료법인토마스의료재단윌스기념병원,031-223-2233,031-240-6119,A2100175,A2100175,378,37.26502978,127.0254584
"서울특별시 중랑구 망우로 511, 동부제일병원 지하1~6층 (망우동)",G007,지역응급의료기관,의료법인풍산의료재단동부제일병원,02-437-5011,02-490-8880,A1100075,A1100075,379,37.60067565,127.1090292
"경기도 안산시 단원구 원포공원1로 20, 동의성단원병원 (초지동)",G007,지역응급의료기관,의료법인플러스의료재단단원병원,031-8040-6600,031-8040-5911,A2100021,A2100021,380,37.30021882,126.8135702
전라남도 순천시 우명길 42 (연향동),G007,지역응급의료기관,의료법인한국의료재단한국병원,061-740-5000,061-740-5119,A2600005,A2600005,381,34.94774146,127.5123584
"전라남도 여수시 쌍봉로 70 (학동, (학동))",G007,지역응급의료기관,의료법인한마음의료재단여수제일병원,061-689-8123,061-689-8119,A2600027,A2600027,382,34.76616667,127.6635583
충청북도 청주시 흥덕구 2순환로 1262 (가경동),G006,지역응급의료센터,의료법인한마음의료재단하나병원,043-230-6114,043-230-6594,A2300002,A2300002,383,36.62347405,127.4308186
"서울특별시 도봉구 우이천로 308, 한일병원 (쌍문동)",G006,지역응급의료센터,의료법인한전의료재단한일병원,02-901-3114,02-901-3119,A1100020,A1100020,384,37.6461157,127.0290242
"경상남도 창원시 마산합포구 3·15대로 76 (월남동2가, 합포의료재단)",G006,지역응급의료센터,의료법인합포의료재단에스엠지연세병원,055-243-0100,055-240-7777,A2800017,A2800017,385,35.1863533,128.5616316
전남 목포시 고하대로 795-2   (연산동),G007,지역응급의료기관,의료법인해민의료재단 세안종합병원,061-260-6700,061-260-6666,A2600007,A2600007,386,34.8170301,126.38033941552498
전라남도 장성군 장성읍 역전로 171,G007,지역응급의료기관,의료법인행복나눔의료재단장성병원,061-390-9000,061-390-9119,A2600035,A2600035,387,35.30587166,126.7836196
전라남도 해남군 해남읍 해남로 45,G007,지역응급의료기관,의료법인행촌의료재단 해남종합병원,061-536-4116,061-530-0119,A2600009,A2600009,388,34.57154722,126.61268333333333
전라남도 광양시 진등길 93 (마동),G007,지역응급의료기관,의료법인현경의료재단광양서울병원,061-798-9800,061-798-9819,A2600024,A2600024,389,34.95791201,127.6905571
경상남도 김해시 김해대로 1814-37 (삼계동),G007,지역응급의료기관,의료법인환명의료재단 조은금강병원,055-330-0300,055-330-0200,A2800010,A2800010,390,35.26230384,128.8615782
충청북도 옥천군 옥천읍 성왕로 1195,G007,지역응급의료기관,의료법인힐링의료재단옥천성모병원,043-730-7000,043-730-7119,A2300011,A2300011,391,36.31334584,127.5719774
강원특별자치도 강릉시 옥가로 30 (옥천동),G009,응급실운영신고기관,의산의료재단강릉고려병원,033-642-1988,033-647-7582,A2200010,A2200010,392,37.75910092,128.8998247
서울특별시 양천구 안양천로 1071 (목동),G001,권역응급의료센터,이화여자대학교의과대학부속목동병원,02-2650-5114,02-2650-5911,A1100005,A1100005,393,37.53654283,126.886216
"서울특별시 강서구 공항대로 260, 이화의대부속서울병원 (마곡동)",G006,지역응급의료센터,이화여자대학교의과대학부속서울병원,1522-7000,02-6986-5119,A1120796,A1120796,394,37.55726115,126.8362659
"경기도 안양시 만안구 명학로33번길 8 (안양동, 메트로병원)",G009,응급실운영신고기관,인산의료재단메트로병원,031-467-9000,031-467-9999,A2100010,A2100010,395,37.37859798,126.9352999
강원특별자치도 춘천시 금강로 39 (낙원동),G009,응급실운영신고기관,인성병원,033-253-3030,033-259-8119,A2200033,A2200033,396,37.88124367,127.7268804
부산광역시 해운대구 해운대로 875 (좌동),G001,권역응급의료센터,인제대학교 해운대백병원,051-797-0100,051-797-0135,A1200022,A1200022,397,35.17334314,129.1821812
"부산광역시 부산진구 복지로 75, 진사로83번길 81, 1층(일부), 3층 (개금동)",G006,지역응급의료센터,인제대학교부산백병원,051-890-6114,051-890-5995,A1200001,A1200001,398,35.14645447,129.02057150748322
"서울특별시 노원구 동일로 1342, 상계백병원 (상계동)",G006,지역응급의료센터,인제대학교상계백병원,02-950-1114,02-950-1119,A1100016,A1100016,399,37.64858127,127.06311619032102
경기도 고양시 일산서구 주화로 170 (대화동),G006,지역응급의료센터,인제대학교일산백병원,031-910-7114,031-910-7114,A2100038,A2100038,400,37.67436544,126.7503139
"인천광역시 동구 방축로 217 (송림동, 인천광역시 의료원)",G007,지역응급의료기관,인천광역시의료원,032-580-6000,032-580-6119,A1400017,A1400017,401,37.47884441,126.6686105
"인천광역시 옹진군 백령면 백령로 233, 인천광역시의료원 백령병원",G007,지역응급의료기관,인천광역시의료원백령병원,032-836-1731,032-836-1732,A1400037,A1400037,402,37.96801575,124.7211131
인천광역시 중구 답동로30번길 10 (율목동),G007,지역응급의료기관,인천기독병원,032-270-8000,032-270-8300,A1400009,A1400009,403,37.47122874,126.632081
인천광역시 계양구 계양대로 123(작전동),G009,응급실운영신고기관,인천더드림병원,032-282-7575,032-282-7575,A1403121,A1403121,404,37.53499881,126.7222537
인천광역시 미추홀구 미추홀대로 726 (주안동),G006,지역응급의료센터,인천사랑병원,032-457-2000,032-457-2119,A1400016,A1400016,405,37.4620682,126.6803451
"인천광역시 계양구 계양문화로 20-  (작전동, (작전동))",G006,지역응급의료센터,인천세종병원,032-240-8000,032-240-8119,A1403372,A1403372,406,37.53253828,126.7368531
"인천광역시 연수구 원인재로 263 (연수동, 인천적십자병원)",G007,지역응급의료기관,인천적십자병원,032-899-4000,032-899-4118,A1400018,A1400018,407,37.41856693,126.6875335
"인천광역시 남동구 논현로 72, 인천힘찬종합병원 (논현동)",G007,지역응급의료기관,인천힘찬종합병원,032-1899-2220,032-459-3168,A1403871,A1403871,408,37.40106232,126.7146868
"인천광역시 중구 인항로 27-0 (신흥동3가,인하대학병원)",G001,권역응급의료센터,인하대학교의과대학부속병원,032-890-2114,032-890-2301,A1400002,A1400002,409,37.4584235,126.6318683
전북특별자치도 임실군 임실읍 호국로 1680,G007,지역응급의료기관,임실군보건의료원,063-640-3102,063-640-3119,E2500022,E2500022,410,35.61249558,127.2869758
전북특별자치도 장수군 장수읍 장천로 247,G007,지역응급의료기관,장수군보건의료원,063-351-8000,063-350-2119,E2500020,E2500020,411,35.6546649,127.5201429
전라남도 장흥군 장흥읍 흥성로 83,G007,지역응급의료기관,장흥우리병원,061-862-6262,061-860-0119,A2600037,A2600037,412,34.67838231,126.9110991
부산광역시 북구 화명대로 1 (화명동),G009,응급실운영신고기관,재단법인 베스티안재단 베스티안부산병원,051-332-7575,051-332-7573,A1200110,A1200110,413,35.23558674,129.0086267
전북특별자치도 정읍시 충정로 606-22 (용계동),G006,지역응급의료센터,재단법인 아산사회복지재단 정읍아산병원,063-530-6000,063-530-6129,A2500008,A2500008,414,35.58899495,126.8234601
충청북도 청주시 흥덕구 오송읍 오송생명1로 191-0,G009,응급실운영신고기관,재단법인베스티안재단베스티안병원,043-910-7575,043-904-8925,A2302011,A2302011,415,36.6364279,127.3216412
서울특별시 성동구 왕십리로 382 (하왕십리동),G009,응급실운영신고기관,재단법인베스티안재단베스티안서울병원,02-3452-7575,02-6211-7965,A1122381,A1122381,416,37.56511028,127.0280198
충청남도 보령시 죽성로 136 (죽정동),G006,지역응급의료센터,재단법인아산사회복지재단보령아산병원,041-930-5114,041-930-5333,A2400011,A2400011,417,36.38113998,126.6228285
"서울특별시 송파구 올림픽로43길 88, 서울아산병원 (풍납동)",G006,지역응급의료센터,재단법인아산사회복지재단서울아산병원,02-3010-3114,02-3010-3333,A1100009,A1100009,418,37.52656397,127.1082383
"전북특별자치도 전주시 완산구 서원로 365 (중화산동1가, 예수병원)",G006,지역응급의료센터,재단법인예수병원유지재단예수병원,063-230-8114,063-230-8280,A2500006,A2500006,419,35.81440117,127.1332519
부산광역시 동구 정공단로 27 (좌천동),G009,응급실운영신고기관,재단법인일신기독교선교회 일신기독병원,051-630-0300,051-630-0415,A1200027,A1200027,420,35.13550455,129.054597
부산광역시 중구 중구로 121 (대청동4가),G007,지역응급의료기관,재단법인천주교부산교구유지재단 메리놀병원,051-465-8801,051-461-2300,A1200023,A1200023,421,35.10758097,129.0324638
광주광역시 동구 제봉로 42 (학동),G001,권역응급의료센터,전남대학교병원,18990000,062-220-6801,A1500002,A1500002,422,35.14185254,126.9215869
전라남도 강진군 강진읍 탐진로 5,G007,지역응급의료기관,전라남도강진의료원,061-433-2167,061-430-1109,A2600050,A2600050,423,34.63681861,126.7578995
전라남도 순천시 서문성터길 2 (매곡동),G007,지역응급의료기관,전라남도순천의료원,061-759-9114,061-759-9119,A2600056,A2600056,424,34.95798909,127.4830361
전북특별자치도 전주시 덕진구 건지로 20 (금암동),G001,권역응급의료센터,전북대학교병원,063-250-1114,063-250-1131,A2500002,A2500002,425,35.84697279,127.1393674
"전북특별자치도 군산시 의료원로 27 (지곡동,(지곡동, 군산의료원))",G006,지역응급의료센터,전북특별자치도군산의료원,063-472-5000,063-472-5130,A2500007,A2500007,426,35.95497073,126.7118994
전북특별자치도 남원시 충정로 365 (고죽동),G006,지역응급의료센터,전북특별자치도남원의료원,063-620-1114,063-620-1119,A2500004,A2500004,427,35.43189946,127.407191
전북특별자치도 전주시 덕진구 안덕원로 367 (산정동),G009,응급실운영신고기관,전주고려병원,063-240-7300,063-240-7330,A2500003,A2500003,428,35.83983948,127.1671326
경상남도 진주시 진주대로 885 (강남동),G006,지역응급의료센터,제일병원,055-750-7123,055-750-7119,A2800003,A2800003,429,35.17939975,128.0899465
"제주특별자치도 제주시 아란13길 15-  (아라일동,제주대학교병원 (아라일동))",G006,지역응급의료센터,제주대학교병원,064-717-1114,064-717-1903,A2900007,A2900007,430,33.46727331,126.5452573
제주특별자치도 서귀포시 장수로 47 (동홍동),G006,지역응급의료센터,제주특별자치도 서귀포의료원,064-730-3000,064-730-3001,A2900002,A2900002,431,33.25535494,126.5642013
"제주특별자치도 제주시 도령로 65 (연동, (연동))",G001,권역응급의료센터,제주한라병원,064740-5000,064-740-5159,A2900001,A2900001,432,33.48994675,126.4850764
광주광역시 동구 필문대로 365 (서석동),G001,권역응급의료센터,조선대학교병원,18117474,062-220-3280,A1500001,A1500001,433,35.13854707,126.9268385
경기도 오산시 오산로 307 (오산동),G009,응급실운영신고기관,조은오산병원,1544-5355,031-373-8119,A2114449,A2114449,434,37.15432658,127.0682406
부산광역시 동구 범일로 119 (범일동),G007,지역응급의료기관,좋은문화병원,051-644-2002,051-630-0909,A1200026,A1200026,435,35.14072399,129.0590638
경기도 광명시 덕안로 110(일직동),G006,지역응급의료센터,중앙대학교광명병원,1811-7800,02-2222-1351,A2118788,A2118788,436,37.42459744,126.8859101
서울특별시 동작구 흑석로 102 (흑석동),G006,지역응급의료센터,중앙대학교병원,1800-1114,02-6299-1338,A1100003,A1100003,437,37.50707428,126.9607938
전라남도 진도군 진도읍 남문길 48,G007,지역응급의료기관,진도한국병원,061-544-2051,061-244-2310,A2600040,A2600040,438,34.48243254,126.2641243
전북특별자치도 진안군 진안읍 진무로 1145-0,G007,지역응급의료기관,진안군의료원,063-430-7000,063-430-7119,A2502031,A2502031,439,35.79518696,127.4320701
경상남도 진주시 진양호로 370 (신안동),G007,지역응급의료기관,진주복음병원,055-749-7110,055-749-7119,A2800037,A2800037,440,35.18537657,128.0693912
경상남도 진주시 진주대로 829 (주약동),G009,응급실운영신고기관,진주세란병원,055-760-7578,055-760-7575,A2800044,A2800044,441,35.17448762,128.0929506
"서울특별시 강남구 논현로 566, 강남차병원(역삼동650-9, 606-4, 605외2필지(지하7층~지하1층, 지상2층~7층)) (역삼동)",G009,응급실운영신고기관,차의과학대학교강남차병원,02-3468-3000,02-3468-3060,A1100057,A1100057,442,37.50680003,127.0346687
경상북도 구미시 신시로10길 12 (형곡동),G001,권역응급의료센터,차의과학대학교부속구미차병원,054-450-9700,054-450-9998,A2700007,A2700007,443,36.11452808,128.34054647885028
경기도 성남시 분당구 야탑로 59 (야탑동),G001,권역응급의료센터,차의과학대학교분당차병원,031-780-5000,031-780-5840,A2100030,A2100030,444,37.41011459,127.1250837
경기도 광주시 광주대로 45 (경안동),G006,지역응급의료센터,참조은병원,1600-9955,031-881-9119,A2100155,A2100155,445,37.41095383,127.2602238
"경상남도 창원시 성산구 삼정자로 11 (성주동, 창원경상대학교병원)",G006,지역응급의료센터,창원경상국립대학교병원,055-214-2000,055-214-1339,A2803505,A2803505,446,35.19921298,128.7078072
경상남도 창원시 의창구 창이대로 45 (명서동),G006,지역응급의료센터,창원파티마병원,055-270-1000,055-270-1119,A2800004,A2800004,447,35.23724183,128.6444853
경상남도 창원시 의창구 용동로57번길 8 (사림동),G006,지역응급의료센터,창원한마음병원,055-225-0000,055-225-0350,A2800007,A2800007,448,35.23797963,128.6990593
강원특별자치도 철원군 갈말읍 명성로 208-0,G007,지역응급의료기관,철원병원,033-452-5011,033-450-3300,A2201730,A2201730,449,38.15033057,127.3080277
광주광역시 광산구 첨단중앙로170번길 59 (쌍암동),G006,지역응급의료센터,첨단종합병원,062-601-8000,062-601-8119,A1500011,A1500011,450,35.22113374,126.8453021
경상북도 청송군 청송읍 의료원길 19,G007,지역응급의료기관,청송군보건의료원,054-870-7100,054-870-7119,E2700554,E2700554,451,36.43104059,129.0526609
충청남도 청양군 청양읍 칠갑산로7길 54,G007,지역응급의료기관,청양군보건의료원,041-942-3401,041-940-4951,E2400032,E2400032,452,36.45529646,126.8045584
충청북도 청주시 청원구 주성로 173-19 (주중동),G006,지역응급의료센터,청주성모병원,043-219-8000,043-219-8119,A2300008,A2300008,453,36.67380133,127.4854696
"충청북도 청주시 흥덕구 비하로 65, 현대병원 (비하동)",G009,응급실운영신고기관,청주현대병원,043-237-2114,043-237-1119,A2300019,A2300019,454,36.63298741,127.42463434124867
"서울특별시 은평구 서오릉로 45, 최원호병원 (녹번동)",G009,응급실운영신고기관,최원호병원,02-1588-3797,02-3156-8119,A1117070,A1117070,455,37.60476959,126.9238558
경기도 의정부시 평화로 650 (의정부동),G007,지역응급의료기관,추병원,031-845-7777,031-845-8313,A2100150,A2100150,456,37.74996009,127.0450971
"대전광역시 중구 문화로 282 (대사동, 충남대학교병원)",G001,권역응급의료센터,충남대학교병원,1599-7123,042-280-8129,A1600001,A1600001,457,36.31696055,127.4154613
"충청북도 청주시 서원구 1순환로 776-0 (개신동,충북대학교병원)",G001,권역응급의료센터,충북대학교병원,043-269-6114,043-269-6114,A2300001,A2300001,458,36.62416682,127.4614361
"충청북도 충주시 국원대로 99-0, 0동 (교현동,미래병원)",G009,응급실운영신고기관,충주미래병원,043-852-9119,,A2302306,A2302306,459,36.98042848,127.9279257
충청남도 공주시 무령로 77 (웅진동),G007,지역응급의료기관,충청남도공주의료원,041-962-1111,041-962-1365,A2400010,A2400010,460,36.45905456,127.1092156
충청남도 서산시 중앙로 149 (석림동),G006,지역응급의료센터,충청남도서산의료원,041-689-7000,041-689-7119,A2400006,A2400006,461,36.77556878,126.46515725738562
충청남도 천안시 동남구 충절로 537 (삼룡동),G007,지역응급의료기관,충청남도천안의료원,041-570-7200,041-570-7119,A2400005,A2400005,462,36.77535992,127.1799203
충청남도 홍성군 홍성읍 조양로 224,G006,지역응급의료센터,충청남도홍성의료원,041-630-6251,041-630-6119,A2400007,A2400007,463,36.59933992,126.6744067
"충청북도 청주시 서원구 흥덕로 48-0 (사직동,청주의료원)",G007,지역응급의료기관,충청북도 청주의료원,043-279-2300,043-279-0119,A2300006,A2300006,464,36.64013897,127.4730876
충청북도 충주시 안림로 239-50 (안림동),G007,지역응급의료기관,충청북도충주의료원,043-871-0114,043-871-0119,A2300004,A2300004,465,36.97956732,127.9703586
"대구광역시 북구 호국로 807, 칠곡경북대학교병원(임상실습동 1~11층 포함) (학정동)",G006,지역응급의료센터,칠곡경북대학교병원,053-200-2000,053-200-2100,A1300010,A1300010,466,35.95608306,128.5644085
부산광역시 사하구 낙동남로 1401 (하단동),G009,응급실운영신고기관,큐병원,051-207-4343,051-207-4044,A1200089,A1200089,467,35.10658381,128.9648922
충청남도 태안군 태안읍 서해로 1952-16,G007,지역응급의료기관,태안군보건의료원,041-671-5300,041-671-5319,E2400033,E2400033,468,36.75191402,126.3232074
경상남도 창녕군 창녕읍 교리1길 2,G007,지역응급의료기관,태황의료재단한성병원,0555305000,055-530-5119,A2800062,A2800062,469,35.54215228,128.4934147
강원특별자치도 평창군 평창읍 노성로 11,G007,지역응급의료기관,평창군보건의료원,033-332-4000,033-330-4812,E2200026,E2200026,470,37.36057743,128.3890509
경상북도 포항시 남구 대잠동길 17 (대잠동),G001,권역응급의료센터,포항성모병원,054-272-0151,054-260-8600,A2700016,A2700016,471,36.01585628,129.3398133
경상북도 포항시 남구 포스코대로 351 (대도동),G006,지역응급의료센터,포항세명기독병원,054-275-0005,054-289-1711,A2700002,A2700002,472,36.01810082,129.3615706
"경상남도 사천시 사천읍 진삼로 1468-8, 하나병원",G009,응급실운영신고기관,하나병원,055-855-1112,070-4567-9611,A2804216,A2804216,473,35.08221582,128.0864806
광주광역시 광산구 용아로 259 하남성심병원 (산정동),G007,지역응급의료기관,하남성심병원,062-953-6000,062-958-1250,A1500017,A1500017,474,35.1664064,126.8008942
"인천광역시 중구 하늘중앙로 193, 조양타워 6층(일부),7층 605호, 701호 (중산동)",G009,응급실운영신고기관,하늘정형외과의원,032-747-1321,,A1403097,A1403097,475,37.48951057,126.5632024
경상남도 하동군 하동읍 연화길 6,G009,응급실운영신고기관,하동중앙의원,055-883-0222,055-883-0222,A2800826,A2800826,476,35.07144347,127.75322730361014
"부산광역시 부산진구 중앙대로 605, 지상1층~지상9층 (범천동)",G007,지역응급의료기관,학교법인 춘해병원,051-638-8000,051-608-0119,A1200025,A1200025,477,35.14703698,129.0585477
"부산광역시 부산진구 양정로 62, 지상2ㆍ3ㆍ10층 각 일부/ 지하1ㆍ지상1ㆍ지상4~지상8층 전층 (양정동)",G007,지역응급의료기관,학교법인)동의병원,051-867-5101,051-850-8777,A1200019,A1200019,478,35.16992217,129.0767444
"대전광역시 중구 대흥로 64, 성모병원 (대흥동)",G006,지역응급의료센터,학교법인가톨릭학원가톨릭대학교대전성모병원,042-220-9114,042-220-9118,A1600005,A1600005,479,36.3230249,127.4202731
서울특별시 서초구 반포대로 222 (반포동),G006,지역응급의료센터,학교법인가톨릭학원가톨릭대학교서울성모병원,0215881511,02-2258-2370,A1100012,A1100012,480,37.5018008,127.0047273
"대전광역시 서구 관저동로 158, 건양대학교병원 (관저동)",G001,권역응급의료센터,학교법인건양교육재단건양대학교병원,042-600-9999,042-600-9119,A1600006,A1600006,481,36.3067117,127.3426305
충청남도 부여군 부여읍 계백로 200,G007,지역응급의료기관,학교법인건양교육재단건양대학교부여병원,041-837-1200,041-837-1201,A2400038,A2400038,482,36.27555409,126.9016966
"서울특별시 성북구 고려대로 73, 고려대병원 (안암동5가)",G001,권역응급의료센터,학교법인고려중앙학원고려대학교의과대학부속병원(안암병원),1577-0083,02-920-5374,A1100008,A1100008,483,37.58715608,127.0264709
충청남도 천안시 동남구 순천향6길 31 (봉명동),G001,권역응급의료센터,학교법인동은학원순천향대학교부속천안병원,041-570-2114,041-590-7019,A2400001,A2400001,484,36.8023585,127.1356668
"경상남도 창원시 마산회원구 팔용로 158 (합성동, 삼성창원병원)",G001,권역응급의료센터,학교법인성균관대학삼성창원병원,055-233-8899,055-233-6119,A2800020,A2800020,485,35.24259923,128.5924305
"울산광역시 동구 대학병원로 25, 울산대학교병원 (전하동)",G001,권역응급의료센터,학교법인울산공업학원울산대학교병원,052-250-7000,052-250-7000,A1700004,A1700004,486,35.52005932,129.4288047
대전광역시 서구 둔산서로 95 (둔산동),G006,지역응급의료센터,학교법인을지학원대전을지대학교병원,042-611-3000,042-259-1119,A1600002,A1600002,487,36.35506871,127.3819996
"경기도 의정부시 동일로 712, 을지대학교 의정부캠퍼스 및 부속병원 (금오동)",G006,지역응급의료센터,학교법인을지학원의정부을지대학교병원,031-951-1000,031-8074-0119,A2117994,A2117994,488,37.75182904,127.0506957
"서울특별시 영등포구 영등포로 83, 한강수병원 (양평동1가)",G009,응급실운영신고기관,한강수병원,02-1800-7119,02-2063-8413,A1100163,A1100163,489,37.52240478,126.8909137
부산광역시 사상구 백양대로 420 (주례동),G007,지역응급의료기관,한국보훈복지의료공단 부산보훈병원,051-601-6000,051-601-6180,A1200016,A1200016,490,35.15333437,129.0065651
대구광역시 달서구 월곡로 60 (도원동),G007,지역응급의료기관,한국보훈복지의료공단대구보훈병원,053-630-7000,053-630-7014,A1300011,A1300011,491,35.80313747,128.5516464
서울특별시 강동구 진황도로61길 53 (둔촌동),G006,지역응급의료센터,한국보훈복지의료공단중앙보훈병원,02-2225-1111,02-2225-1100,A1100053,A1100053,492,37.5282209,127.1467189
"서울특별시 노원구 노원로 75, 한국원자력의학원 (공릉동)",G007,지역응급의료기관,한국원자력의학원원자력병원,02-970-2114,02-970-2620,A1100027,A1100027,493,37.62881598,127.0826932
"서울특별시 영등포구 신길로 1 (대림동, 강남성심병원)",G006,지역응급의료센터,한림대학교강남성심병원,02-829-5114,02-829-5119,A1100055,A1100055,494,37.49324929,126.9086725
경기도 화성시 큰재봉길 7 (석우동),G006,지역응급의료센터,한림대학교동탄성심병원,031-8086-3000,031-8086-2119,A2100046,A2100046,495,37.21665019,127.0800081
경기도 안양시 동안구 관평로170번길 22 (평촌동),G001,권역응급의료센터,한림대학교성심병원,031-380-1500,031-380-1500,A2100004,A2100004,496,37.3916512,126.9619708
강원특별자치도 춘천시 삭주로 77 (교동),G001,권역응급의료센터,한림대학교춘천성심병원,033-240-5000,033-240-5219,A2200013,A2200013,497,37.88413581,127.7398945
"서울특별시 영등포구 버드나루로7길 12 (영등포동7가, 한강성심병원)",G009,응급실운영신고기관,한림대학교한강성심병원,02-2639-5114,02-2639-5555,A1100038,A1100038,498,37.52346675,126.91033
제주특별자치도 제주시 연신로 52   (이도이동),G006,지역응급의료센터,한마음병원,064-750-9000,064-750-9119,A2900005,A2900005,499,33.49626124,126.5462245
경기도 구리시 경춘로 153 (교문동),G006,지역응급의료센터,한양대학교구리병원,1644-9118,1644-9118,A2100039,A2100039,500,37.60127601,127.1325076
서울특별시 성동구 왕십리로 222-1 (사근동),G001,권역응급의료센터,한양대학교병원,02-2290-8114,02-2290-8284,A1100013,A1100013,501,37.55994453,127.0448828
"경상남도 진주시 범골로 17, 한일병원 지하1 1~7층 (충무공동)",G006,지역응급의료센터,한일병원,055-759-7777,055-750-1333,A2800043,A2800043,502,35.1669652,128.1285477
경상남도 함양군 함양읍 고운로 70,G007,지역응급의료기관,함양성심병원,055-963-4322,055-964-4322,A2800080,A2800080,503,35.52046828,127.7292477
전라남도 해남군 옥천면 해남로 597,G007,지역응급의료기관,해남우리종합병원,061530-7000,061-530-7119,A2600077,A2600077,504,34.58423738,126.646583
광주광역시 북구 경열로 216 (유동),G009,응급실운영신고기관,해피뷰병원,062-519-9000,062-519-9119,A1500057,A1500057,505,35.15846281,126.9066923
"대구광역시 달성군 유가읍 테크노순환로12길 4, 1층,4~6층(1층 사우나홀,113~117호,119~120호,405~407호,5층,601~607호",G009,응급실운영신고기관,행복한병원,053-210-8000,053-210-8082,A1303449,A1303449,506,35.69330551,128.4704396
경상남도 밀양시 하남읍 수산중앙로 56-2,G009,응급실운영신고기관,행복한병원,055-391-0090,,A2800042,A2800042,507,35.37461994,128.7114865
경기도 남양주시 진접읍 봉현로 21,G006,지역응급의료센터,현대병원,031-574-9118~9,031-574-0114,A2100037,A2100037,508,37.71548655,127.1798499
충청남도 아산시 시민로 388 (온천동),G007,지역응급의료기관,현대병원,041-546-3636,041-546-7744,A2400039,A2400039,509,36.7831183,127.0009703
인천광역시 미추홀구 독배로 503 (숭의동),G007,지역응급의료기관,현대유비스병원,032-888-7575,032-890-5582,A1400004,A1400004,510,37.46174383,126.6431417
서울특별시 광진구 자양로 85 (자양동),G007,지역응급의료기관,혜민병원,02-2049-9000,02-2049-9119,A1100051,A1100051,511,37.53531566,127.0836013
"경기도 남양주시 경춘로1308번길 4, 1층일부~10층 (평내동)",G009,응급실운영신고기관,혜성병원,0318151119,,A2120077,A2120077,512,37.65010957,127.2383219
"서울특별시 양천구 목동로 225, 홍익병원본관 (신정동)",G007,지역응급의료기관,홍익병원,02-2693-5555,02-2600-0777,A1100019,A1100019,513,37.52844147,126.863664
강원특별자치도 홍천군 홍천읍 산림공원1길 17,G007,지역응급의료기관,홍천아산병원,033-430-5211,033-430-5119,A2200014,A2200014,514,37.69082165,127.8949072
경기도 화성시 남양읍 남양로920번길 6,G009,응급실운영신고기관,화성유일병원,031-355-0119,031-351-0129,A2116685,A2116685,515,37.21778332,126.8326536
전라남도 화순군 화순읍 충의로 109,G009,응급실운영신고기관,화순고려병원,061-370-3700,061-370-3778,A2600048,A2600048,516,35.05595374,126.98963562835072
전라남도 화순군 화순읍 만연로 31,G009,응급실운영신고기관,화순성심병원,061-370-9114,061-370-9118,A2600043,A2600043,517,35.0584409,126.9898785
전라남도 화순군 화순읍 서양로 322,G006,지역응급의료센터,화순전남대학교병원,061-379-7120,061-379-8882,A2600001,A2600001,518,35.05867074,127.0021083
강원특별자치도 화천군 화천읍 강변로 111 (화천군보건의료원),G007,지역응급의료기관,화천군보건의료원,033-441-4000,033-440-2880,E2200025,E2200025,519,38.10738246,127.7088834
강원특별자치도 횡성군 횡성읍 횡성로 275,G007,지역응급의료기관,횡성대성병원,033-343-0901,033-345-1191,A2200016,A2200016,520,37.47845901,127.9799478
"경기도 안양시 만안구 삼덕로 9 (안양동, 안양샘병원)",G006,지역응급의료센터,효산의료재단안양샘병원,031-467-9114,031-467-9119,A2100015,A2100015,521,37.39340413,126.9244773
"경기도 군포시 군포로 591 (당동, (G샘병원)군포샘병원)",G006,지역응급의료센터,효산의료재단지샘병원,031-389-3000,031-389-3119,A2100054,A2100054,522,37.35864465,126.9473597
부산광역시 해운대구 해운대로 135 (재송동),G009,응급실운영신고기관,효성시티병원,051-709-3000,051-709-3119,A1200048,A1200048,523,35.18541272,129.121459
인천광역시 옹진군 백령면 백령로 831,G009,응급실운영신고기관,흑룡의원,032-837-6873,032-837-3153,A1403132,A1403132,524,37.95952436,124.6654986
서울특별시 금천구 시흥대로 244 (시흥동),G007,지역응급의료기관,희명병원,02-804-0002,02-809-0122,A1100049,A1100049,525,37.45567063,126.9005625